Namespace,Type,Method,Job,AnalyzeLaunchVariance,EvaluateOverhead,MaxAbsoluteError,MaxRelativeError,MinInvokeCount,MinIterationTime,OutlierMode,Affinity,EnvironmentVariables,Jit,Platform,PowerPlanMode,Runtime,AllowVeryLargeObjects,Concurrent,CpuGroups,Force,HeapAffinitizeMask,HeapCount,NoAffinitize,RetainVm,Server,Arguments,BuildConfiguration,Clock,EngineFactory,NuGetReferences,Toolchain,IsMutator,InvocationCount,IterationCount,IterationTime,LaunchCount,MaxIterationCount,MaxWarmupIterationCount,MemoryRandomization,MinIterationCount,MinWarmupIterationCount,RunStrategy,UnrollFactor,WarmupCount,EntityCount,CompArr,ReadWrite,Mean,Error,StdDev,Median
EcsLte.BenchmarkTest.EcsContextTests,EcsContext_GetComponent,GetComponent_Entity,Job-FTOBUC,False,Default,Default,Default,Default,Default,Default,111111111111111111111111,Empty,LegacyJit,X86,8c5e7fda-e8bf-4a96-9a85-a6e23a8c635c,.NET Framework 4.8,False,True,False,True,Default,Default,False,False,False,Default,Default,Default,Default,Default,Default,Default,1,Default,Default,Default,Default,Default,Default,Default,Default,Default,1,Default,10000,?,?,13.984 ms,0.1501 ms,0.1404 ms,13.943 ms
EcsLte.BenchmarkTest.EcsContextTests,EcsContext_GetComponent,GetComponent_Entity,Job-FTOBUC,False,Default,Default,Default,Default,Default,Default,111111111111111111111111,Empty,LegacyJit,X86,8c5e7fda-e8bf-4a96-9a85-a6e23a8c635c,.NET Framework 4.8,False,True,False,True,Default,Default,False,False,False,Default,Default,Default,Default,Default,Default,Default,1,Default,Default,Default,Default,Default,Default,Default,Default,Default,1,Default,1000000,?,?,"1,375.743 ms",3.2100 ms,2.8456 ms,"1,376.187 ms"
EcsLte.BenchmarkTest.EcsContextTests,EcsContext_GetComponent,GetComponents_Entities,Job-FTOBUC,False,Default,Default,Default,Default,Default,Default,111111111111111111111111,Empty,LegacyJit,X86,8c5e7fda-e8bf-4a96-9a85-a6e23a8c635c,.NET Framework 4.8,False,True,False,True,Default,Default,False,False,False,Default,Default,Default,Default,Default,Default,Default,1,Default,Default,Default,Default,Default,Default,Default,Default,Default,1,Default,10000,?,?,11.018 ms,0.2201 ms,0.2162 ms,11.010 ms
EcsLte.BenchmarkTest.EcsContextTests,EcsContext_GetComponent,GetComponents_Entities,Job-FTOBUC,False,Default,Default,Default,Default,Default,Default,111111111111111111111111,Empty,LegacyJit,X86,8c5e7fda-e8bf-4a96-9a85-a6e23a8c635c,.NET Framework 4.8,False,True,False,True,Default,Default,False,False,False,Default,Default,Default,Default,Default,Default,Default,1,Default,Default,Default,Default,Default,Default,Default,Default,Default,1,Default,1000000,?,?,"1,071.483 ms",9.5214 ms,8.4405 ms,"1,070.060 ms"
EcsLte.BenchmarkTest.EcsContextTests,EcsContext_GetComponent,GetComponents_EntityArcheType,Job-FTOBUC,False,Default,Default,Default,Default,Default,Default,111111111111111111111111,Empty,LegacyJit,X86,8c5e7fda-e8bf-4a96-9a85-a6e23a8c635c,.NET Framework 4.8,False,True,False,True,Default,Default,False,False,False,Default,Default,Default,Default,Default,Default,Default,1,Default,Default,Default,Default,Default,Default,Default,Default,Default,1,Default,10000,?,?,8.631 ms,0.1670 ms,0.2051 ms,8.679 ms
EcsLte.BenchmarkTest.EcsContextTests,EcsContext_GetComponent,GetComponents_EntityArcheType,Job-FTOBUC,False,Default,Default,Default,Default,Default,Default,111111111111111111111111,Empty,LegacyJit,X86,8c5e7fda-e8bf-4a96-9a85-a6e23a8c635c,.NET Framework 4.8,False,True,False,True,Default,Default,False,False,False,Default,Default,Default,Default,Default,Default,Default,1,Default,Default,Default,Default,Default,Default,Default,Default,Default,1,Default,1000000,?,?,833.353 ms,3.1485 ms,2.9451 ms,833.195 ms
EcsLte.BenchmarkTest.EcsContextTests,EcsContext_GetComponent,GetComponents_EntityQuery,Job-FTOBUC,False,Default,Default,Default,Default,Default,Default,111111111111111111111111,Empty,LegacyJit,X86,8c5e7fda-e8bf-4a96-9a85-a6e23a8c635c,.NET Framework 4.8,False,True,False,True,Default,Default,False,False,False,Default,Default,Default,Default,Default,Default,Default,1,Default,Default,Default,Default,Default,Default,Default,Default,Default,1,Default,10000,?,?,8.517 ms,0.1683 ms,0.2247 ms,8.547 ms
EcsLte.BenchmarkTest.EcsContextTests,EcsContext_GetComponent,GetComponents_EntityQuery,Job-FTOBUC,False,Default,Default,Default,Default,Default,Default,111111111111111111111111,Empty,LegacyJit,X86,8c5e7fda-e8bf-4a96-9a85-a6e23a8c635c,.NET Framework 4.8,False,True,False,True,Default,Default,False,False,False,Default,Default,Default,Default,Default,Default,Default,1,Default,Default,Default,Default,Default,Default,Default,Default,Default,1,Default,1000000,?,?,834.317 ms,4.5464 ms,4.2527 ms,833.370 ms
EcsLte.BenchmarkTest.EcsContextTests,EcsContext_CreateEntity,CreateEntities,Job-FTOBUC,False,Default,Default,Default,Default,Default,Default,111111111111111111111111,Empty,LegacyJit,X86,8c5e7fda-e8bf-4a96-9a85-a6e23a8c635c,.NET Framework 4.8,False,True,False,True,Default,Default,False,False,False,Default,Default,Default,Default,Default,Default,Default,1,Default,Default,Default,Default,Default,Default,Default,Default,Default,1,Default,?,Normal_Bx4,?,39.871 ms,0.7839 ms,1.2434 ms,39.684 ms
EcsLte.BenchmarkTest.EcsContextTests,EcsContext_CreateEntity,CreateEntities,Job-FTOBUC,False,Default,Default,Default,Default,Default,Default,111111111111111111111111,Empty,LegacyJit,X86,8c5e7fda-e8bf-4a96-9a85-a6e23a8c635c,.NET Framework 4.8,False,True,False,True,Default,Default,False,False,False,Default,Default,Default,Default,Default,Default,Default,1,Default,Default,Default,Default,Default,Default,Default,Default,Default,1,Default,?,Shared_Bx4,?,38.287 ms,0.1698 ms,0.1505 ms,38.253 ms
EcsLte.BenchmarkTest.EcsContextTests,EcsContext_CreateEntity,CreateEntities,Job-FTOBUC,False,Default,Default,Default,Default,Default,Default,111111111111111111111111,Empty,LegacyJit,X86,8c5e7fda-e8bf-4a96-9a85-a6e23a8c635c,.NET Framework 4.8,False,True,False,True,Default,Default,False,False,False,Default,Default,Default,Default,Default,Default,Default,1,Default,Default,Default,Default,Default,Default,Default,Default,Default,1,Default,?,Normal_Mx4,?,39.296 ms,0.3410 ms,0.3022 ms,39.366 ms
EcsLte.BenchmarkTest.EcsContextTests,EcsContext_CreateEntity,CreateEntities,Job-FTOBUC,False,Default,Default,Default,Default,Default,Default,111111111111111111111111,Empty,LegacyJit,X86,8c5e7fda-e8bf-4a96-9a85-a6e23a8c635c,.NET Framework 4.8,False,True,False,True,Default,Default,False,False,False,Default,Default,Default,Default,Default,Default,Default,1,Default,Default,Default,Default,Default,Default,Default,Default,Default,1,Default,?,Shared_Mx4,?,38.997 ms,0.7609 ms,1.5371 ms,39.339 ms
EcsLte.BenchmarkTest.EcsContextTests,EcsContext_CreateEntity,CreateEntities,Job-FTOBUC,False,Default,Default,Default,Default,Default,Default,111111111111111111111111,Empty,LegacyJit,X86,8c5e7fda-e8bf-4a96-9a85-a6e23a8c635c,.NET Framework 4.8,False,True,False,True,Default,Default,False,False,False,Default,Default,Default,Default,Default,Default,Default,1,Default,Default,Default,Default,Default,Default,Default,Default,Default,1,Default,?,Normal_Bx2_Mx2,?,38.005 ms,0.7594 ms,1.5684 ms,38.519 ms
EcsLte.BenchmarkTest.EcsContextTests,EcsContext_CreateEntity,CreateEntities,Job-FTOBUC,False,Default,Default,Default,Default,Default,Default,111111111111111111111111,Empty,LegacyJit,X86,8c5e7fda-e8bf-4a96-9a85-a6e23a8c635c,.NET Framework 4.8,False,True,False,True,Default,Default,False,False,False,Default,Default,Default,Default,Default,Default,Default,1,Default,Default,Default,Default,Default,Default,Default,Default,Default,1,Default,?,Shared_Bx2_Mx2,?,38.356 ms,0.7641 ms,1.7091 ms,39.087 ms
EcsLte.BenchmarkTest.EcsContextTests,EcsContext_CreateEntity,CreateEntities_Reuse,Job-FTOBUC,False,Default,Default,Default,Default,Default,Default,111111111111111111111111,Empty,LegacyJit,X86,8c5e7fda-e8bf-4a96-9a85-a6e23a8c635c,.NET Framework 4.8,False,True,False,True,Default,Default,False,False,False,Default,Default,Default,Default,Default,Default,Default,1,Default,Default,Default,Default,Default,Default,Default,Default,Default,1,Default,?,Normal_Bx4,?,29.305 ms,0.5680 ms,0.8673 ms,29.280 ms
EcsLte.BenchmarkTest.EcsContextTests,EcsContext_CreateEntity,CreateEntities_Reuse,Job-FTOBUC,False,Default,Default,Default,Default,Default,Default,111111111111111111111111,Empty,LegacyJit,X86,8c5e7fda-e8bf-4a96-9a85-a6e23a8c635c,.NET Framework 4.8,False,True,False,True,Default,Default,False,False,False,Default,Default,Default,Default,Default,Default,Default,1,Default,Default,Default,Default,Default,Default,Default,Default,Default,1,Default,?,Shared_Bx4,?,29.194 ms,0.5751 ms,0.6154 ms,29.166 ms
EcsLte.BenchmarkTest.EcsContextTests,EcsContext_CreateEntity,CreateEntities_Reuse,Job-FTOBUC,False,Default,Default,Default,Default,Default,Default,111111111111111111111111,Empty,LegacyJit,X86,8c5e7fda-e8bf-4a96-9a85-a6e23a8c635c,.NET Framework 4.8,False,True,False,True,Default,Default,False,False,False,Default,Default,Default,Default,Default,Default,Default,1,Default,Default,Default,Default,Default,Default,Default,Default,Default,1,Default,?,Normal_Mx4,?,28.724 ms,0.5483 ms,0.5129 ms,28.965 ms
EcsLte.BenchmarkTest.EcsContextTests,EcsContext_CreateEntity,CreateEntities_Reuse,Job-FTOBUC,False,Default,Default,Default,Default,Default,Default,111111111111111111111111,Empty,LegacyJit,X86,8c5e7fda-e8bf-4a96-9a85-a6e23a8c635c,.NET Framework 4.8,False,True,False,True,Default,Default,False,False,False,Default,Default,Default,Default,Default,Default,Default,1,Default,Default,Default,Default,Default,Default,Default,Default,Default,1,Default,?,Shared_Mx4,?,28.875 ms,0.5164 ms,0.4830 ms,29.013 ms
EcsLte.BenchmarkTest.EcsContextTests,EcsContext_CreateEntity,CreateEntities_Reuse,Job-FTOBUC,False,Default,Default,Default,Default,Default,Default,111111111111111111111111,Empty,LegacyJit,X86,8c5e7fda-e8bf-4a96-9a85-a6e23a8c635c,.NET Framework 4.8,False,True,False,True,Default,Default,False,False,False,Default,Default,Default,Default,Default,Default,Default,1,Default,Default,Default,Default,Default,Default,Default,Default,Default,1,Default,?,Normal_Bx2_Mx2,?,28.799 ms,0.5536 ms,0.6153 ms,29.038 ms
EcsLte.BenchmarkTest.EcsContextTests,EcsContext_CreateEntity,CreateEntities_Reuse,Job-FTOBUC,False,Default,Default,Default,Default,Default,Default,111111111111111111111111,Empty,LegacyJit,X86,8c5e7fda-e8bf-4a96-9a85-a6e23a8c635c,.NET Framework 4.8,False,True,False,True,Default,Default,False,False,False,Default,Default,Default,Default,Default,Default,Default,1,Default,Default,Default,Default,Default,Default,Default,Default,Default,1,Default,?,Shared_Bx2_Mx2,?,28.791 ms,0.5741 ms,0.5639 ms,28.804 ms
EcsLte.BenchmarkTest.EcsContextTests,EcsContext_CreateEntity,CreateEntity,Job-FTOBUC,False,Default,Default,Default,Default,Default,Default,111111111111111111111111,Empty,LegacyJit,X86,8c5e7fda-e8bf-4a96-9a85-a6e23a8c635c,.NET Framework 4.8,False,True,False,True,Default,Default,False,False,False,Default,Default,Default,Default,Default,Default,Default,1,Default,Default,Default,Default,Default,Default,Default,Default,Default,1,Default,?,Normal_Bx4,?,544.817 ms,3.0939 ms,2.8940 ms,545.026 ms
EcsLte.BenchmarkTest.EcsContextTests,EcsContext_CreateEntity,CreateEntity,Job-FTOBUC,False,Default,Default,Default,Default,Default,Default,111111111111111111111111,Empty,LegacyJit,X86,8c5e7fda-e8bf-4a96-9a85-a6e23a8c635c,.NET Framework 4.8,False,True,False,True,Default,Default,False,False,False,Default,Default,Default,Default,Default,Default,Default,1,Default,Default,Default,Default,Default,Default,Default,Default,Default,1,Default,?,Shared_Bx4,?,541.313 ms,2.1915 ms,1.9427 ms,541.728 ms
EcsLte.BenchmarkTest.EcsContextTests,EcsContext_CreateEntity,CreateEntity,Job-FTOBUC,False,Default,Default,Default,Default,Default,Default,111111111111111111111111,Empty,LegacyJit,X86,8c5e7fda-e8bf-4a96-9a85-a6e23a8c635c,.NET Framework 4.8,False,True,False,True,Default,Default,False,False,False,Default,Default,Default,Default,Default,Default,Default,1,Default,Default,Default,Default,Default,Default,Default,Default,Default,1,Default,?,Normal_Mx4,?,542.275 ms,2.4889 ms,2.2064 ms,542.469 ms
EcsLte.BenchmarkTest.EcsContextTests,EcsContext_CreateEntity,CreateEntity,Job-FTOBUC,False,Default,Default,Default,Default,Default,Default,111111111111111111111111,Empty,LegacyJit,X86,8c5e7fda-e8bf-4a96-9a85-a6e23a8c635c,.NET Framework 4.8,False,True,False,True,Default,Default,False,False,False,Default,Default,Default,Default,Default,Default,Default,1,Default,Default,Default,Default,Default,Default,Default,Default,Default,1,Default,?,Shared_Mx4,?,544.245 ms,5.3069 ms,4.7045 ms,542.735 ms
EcsLte.BenchmarkTest.EcsContextTests,EcsContext_CreateEntity,CreateEntity,Job-FTOBUC,False,Default,Default,Default,Default,Default,Default,111111111111111111111111,Empty,LegacyJit,X86,8c5e7fda-e8bf-4a96-9a85-a6e23a8c635c,.NET Framework 4.8,False,True,False,True,Default,Default,False,False,False,Default,Default,Default,Default,Default,Default,Default,1,Default,Default,Default,Default,Default,Default,Default,Default,Default,1,Default,?,Normal_Bx2_Mx2,?,542.583 ms,4.2439 ms,3.7621 ms,541.201 ms
EcsLte.BenchmarkTest.EcsContextTests,EcsContext_CreateEntity,CreateEntity,Job-FTOBUC,False,Default,Default,Default,Default,Default,Default,111111111111111111111111,Empty,LegacyJit,X86,8c5e7fda-e8bf-4a96-9a85-a6e23a8c635c,.NET Framework 4.8,False,True,False,True,Default,Default,False,False,False,Default,Default,Default,Default,Default,Default,Default,1,Default,Default,Default,Default,Default,Default,Default,Default,Default,1,Default,?,Shared_Bx2_Mx2,?,540.793 ms,1.6764 ms,1.5681 ms,540.749 ms
EcsLte.BenchmarkTest.EcsContextTests,EcsContext_CreateEntity,CreateEntity_Reuse,Job-FTOBUC,False,Default,Default,Default,Default,Default,Default,111111111111111111111111,Empty,LegacyJit,X86,8c5e7fda-e8bf-4a96-9a85-a6e23a8c635c,.NET Framework 4.8,False,True,False,True,Default,Default,False,False,False,Default,Default,Default,Default,Default,Default,Default,1,Default,Default,Default,Default,Default,Default,Default,Default,Default,1,Default,?,Normal_Bx4,?,514.341 ms,2.1297 ms,1.9922 ms,514.487 ms
EcsLte.BenchmarkTest.EcsContextTests,EcsContext_CreateEntity,CreateEntity_Reuse,Job-FTOBUC,False,Default,Default,Default,Default,Default,Default,111111111111111111111111,Empty,LegacyJit,X86,8c5e7fda-e8bf-4a96-9a85-a6e23a8c635c,.NET Framework 4.8,False,True,False,True,Default,Default,False,False,False,Default,Default,Default,Default,Default,Default,Default,1,Default,Default,Default,Default,Default,Default,Default,Default,Default,1,Default,?,Shared_Bx4,?,518.894 ms,1.5267 ms,1.3534 ms,518.830 ms
EcsLte.BenchmarkTest.EcsContextTests,EcsContext_CreateEntity,CreateEntity_Reuse,Job-FTOBUC,False,Default,Default,Default,Default,Default,Default,111111111111111111111111,Empty,LegacyJit,X86,8c5e7fda-e8bf-4a96-9a85-a6e23a8c635c,.NET Framework 4.8,False,True,False,True,Default,Default,False,False,False,Default,Default,Default,Default,Default,Default,Default,1,Default,Default,Default,Default,Default,Default,Default,Default,Default,1,Default,?,Normal_Mx4,?,509.079 ms,1.3466 ms,1.2596 ms,509.267 ms
EcsLte.BenchmarkTest.EcsContextTests,EcsContext_CreateEntity,CreateEntity_Reuse,Job-FTOBUC,False,Default,Default,Default,Default,Default,Default,111111111111111111111111,Empty,LegacyJit,X86,8c5e7fda-e8bf-4a96-9a85-a6e23a8c635c,.NET Framework 4.8,False,True,False,True,Default,Default,False,False,False,Default,Default,Default,Default,Default,Default,Default,1,Default,Default,Default,Default,Default,Default,Default,Default,Default,1,Default,?,Shared_Mx4,?,519.241 ms,1.1306 ms,1.0576 ms,519.337 ms
EcsLte.BenchmarkTest.EcsContextTests,EcsContext_CreateEntity,CreateEntity_Reuse,Job-FTOBUC,False,Default,Default,Default,Default,Default,Default,111111111111111111111111,Empty,LegacyJit,X86,8c5e7fda-e8bf-4a96-9a85-a6e23a8c635c,.NET Framework 4.8,False,True,False,True,Default,Default,False,False,False,Default,Default,Default,Default,Default,Default,Default,1,Default,Default,Default,Default,Default,Default,Default,Default,Default,1,Default,?,Normal_Bx2_Mx2,?,506.028 ms,1.4524 ms,1.3586 ms,506.037 ms
EcsLte.BenchmarkTest.EcsContextTests,EcsContext_CreateEntity,CreateEntity_Reuse,Job-FTOBUC,False,Default,Default,Default,Default,Default,Default,111111111111111111111111,Empty,LegacyJit,X86,8c5e7fda-e8bf-4a96-9a85-a6e23a8c635c,.NET Framework 4.8,False,True,False,True,Default,Default,False,False,False,Default,Default,Default,Default,Default,Default,Default,1,Default,Default,Default,Default,Default,Default,Default,Default,Default,1,Default,?,Shared_Bx2_Mx2,?,518.719 ms,1.0252 ms,0.9590 ms,518.837 ms
EcsLte.BenchmarkTest.EcsContextTests,EcsContext_CreateEntity,DestroyEntities,Job-FTOBUC,False,Default,Default,Default,Default,Default,Default,111111111111111111111111,Empty,LegacyJit,X86,8c5e7fda-e8bf-4a96-9a85-a6e23a8c635c,.NET Framework 4.8,False,True,False,True,Default,Default,False,False,False,Default,Default,Default,Default,Default,Default,Default,1,Default,Default,Default,Default,Default,Default,Default,Default,Default,1,Default,?,Normal_Bx4,?,64.790 ms,0.7620 ms,0.7127 ms,65.086 ms
EcsLte.BenchmarkTest.EcsContextTests,EcsContext_CreateEntity,DestroyEntities,Job-FTOBUC,False,Default,Default,Default,Default,Default,Default,111111111111111111111111,Empty,LegacyJit,X86,8c5e7fda-e8bf-4a96-9a85-a6e23a8c635c,.NET Framework 4.8,False,True,False,True,Default,Default,False,False,False,Default,Default,Default,Default,Default,Default,Default,1,Default,Default,Default,Default,Default,Default,Default,Default,Default,1,Default,?,Shared_Bx4,?,64.663 ms,1.1587 ms,1.0838 ms,64.403 ms
EcsLte.BenchmarkTest.EcsContextTests,EcsContext_CreateEntity,DestroyEntities,Job-FTOBUC,False,Default,Default,Default,Default,Default,Default,111111111111111111111111,Empty,LegacyJit,X86,8c5e7fda-e8bf-4a96-9a85-a6e23a8c635c,.NET Framework 4.8,False,True,False,True,Default,Default,False,False,False,Default,Default,Default,Default,Default,Default,Default,1,Default,Default,Default,Default,Default,Default,Default,Default,Default,1,Default,?,Normal_Mx4,?,64.611 ms,0.8276 ms,0.7742 ms,64.659 ms
EcsLte.BenchmarkTest.EcsContextTests,EcsContext_CreateEntity,DestroyEntities,Job-FTOBUC,False,Default,Default,Default,Default,Default,Default,111111111111111111111111,Empty,LegacyJit,X86,8c5e7fda-e8bf-4a96-9a85-a6e23a8c635c,.NET Framework 4.8,False,True,False,True,Default,Default,False,False,False,Default,Default,Default,Default,Default,Default,Default,1,Default,Default,Default,Default,Default,Default,Default,Default,Default,1,Default,?,Shared_Mx4,?,64.716 ms,1.0949 ms,1.0242 ms,64.997 ms
EcsLte.BenchmarkTest.EcsContextTests,EcsContext_CreateEntity,DestroyEntities,Job-FTOBUC,False,Default,Default,Default,Default,Default,Default,111111111111111111111111,Empty,LegacyJit,X86,8c5e7fda-e8bf-4a96-9a85-a6e23a8c635c,.NET Framework 4.8,False,True,False,True,Default,Default,False,False,False,Default,Default,Default,Default,Default,Default,Default,1,Default,Default,Default,Default,Default,Default,Default,Default,Default,1,Default,?,Normal_Bx2_Mx2,?,64.428 ms,0.9540 ms,0.8924 ms,64.156 ms
EcsLte.BenchmarkTest.EcsContextTests,EcsContext_CreateEntity,DestroyEntities,Job-FTOBUC,False,Default,Default,Default,Default,Default,Default,111111111111111111111111,Empty,LegacyJit,X86,8c5e7fda-e8bf-4a96-9a85-a6e23a8c635c,.NET Framework 4.8,False,True,False,True,Default,Default,False,False,False,Default,Default,Default,Default,Default,Default,Default,1,Default,Default,Default,Default,Default,Default,Default,Default,Default,1,Default,?,Shared_Bx2_Mx2,?,64.656 ms,0.9043 ms,0.8459 ms,64.605 ms
EcsLte.BenchmarkTest.EcsContextTests,EcsContext_CreateEntity,DestroyEntities_Reuse,Job-FTOBUC,False,Default,Default,Default,Default,Default,Default,111111111111111111111111,Empty,LegacyJit,X86,8c5e7fda-e8bf-4a96-9a85-a6e23a8c635c,.NET Framework 4.8,False,True,False,True,Default,Default,False,False,False,Default,Default,Default,Default,Default,Default,Default,1,Default,Default,Default,Default,Default,Default,Default,Default,Default,1,Default,?,Normal_Bx4,?,59.795 ms,0.2562 ms,0.2139 ms,59.720 ms
EcsLte.BenchmarkTest.EcsContextTests,EcsContext_CreateEntity,DestroyEntities_Reuse,Job-FTOBUC,False,Default,Default,Default,Default,Default,Default,111111111111111111111111,Empty,LegacyJit,X86,8c5e7fda-e8bf-4a96-9a85-a6e23a8c635c,.NET Framework 4.8,False,True,False,True,Default,Default,False,False,False,Default,Default,Default,Default,Default,Default,Default,1,Default,Default,Default,Default,Default,Default,Default,Default,Default,1,Default,?,Shared_Bx4,?,59.947 ms,0.4061 ms,0.3600 ms,59.897 ms
EcsLte.BenchmarkTest.EcsContextTests,EcsContext_CreateEntity,DestroyEntities_Reuse,Job-FTOBUC,False,Default,Default,Default,Default,Default,Default,111111111111111111111111,Empty,LegacyJit,X86,8c5e7fda-e8bf-4a96-9a85-a6e23a8c635c,.NET Framework 4.8,False,True,False,True,Default,Default,False,False,False,Default,Default,Default,Default,Default,Default,Default,1,Default,Default,Default,Default,Default,Default,Default,Default,Default,1,Default,?,Normal_Mx4,?,60.215 ms,0.2898 ms,0.2569 ms,60.199 ms
EcsLte.BenchmarkTest.EcsContextTests,EcsContext_CreateEntity,DestroyEntities_Reuse,Job-FTOBUC,False,Default,Default,Default,Default,Default,Default,111111111111111111111111,Empty,LegacyJit,X86,8c5e7fda-e8bf-4a96-9a85-a6e23a8c635c,.NET Framework 4.8,False,True,False,True,Default,Default,False,False,False,Default,Default,Default,Default,Default,Default,Default,1,Default,Default,Default,Default,Default,Default,Default,Default,Default,1,Default,?,Shared_Mx4,?,59.807 ms,0.2360 ms,0.2092 ms,59.753 ms
EcsLte.BenchmarkTest.EcsContextTests,EcsContext_CreateEntity,DestroyEntities_Reuse,Job-FTOBUC,False,Default,Default,Default,Default,Default,Default,111111111111111111111111,Empty,LegacyJit,X86,8c5e7fda-e8bf-4a96-9a85-a6e23a8c635c,.NET Framework 4.8,False,True,False,True,Default,Default,False,False,False,Default,Default,Default,Default,Default,Default,Default,1,Default,Default,Default,Default,Default,Default,Default,Default,Default,1,Default,?,Normal_Bx2_Mx2,?,59.836 ms,0.2565 ms,0.2142 ms,59.847 ms
EcsLte.BenchmarkTest.EcsContextTests,EcsContext_CreateEntity,DestroyEntities_Reuse,Job-FTOBUC,False,Default,Default,Default,Default,Default,Default,111111111111111111111111,Empty,LegacyJit,X86,8c5e7fda-e8bf-4a96-9a85-a6e23a8c635c,.NET Framework 4.8,False,True,False,True,Default,Default,False,False,False,Default,Default,Default,Default,Default,Default,Default,1,Default,Default,Default,Default,Default,Default,Default,Default,Default,1,Default,?,Shared_Bx2_Mx2,?,60.058 ms,0.2339 ms,0.2188 ms,60.042 ms
EcsLte.BenchmarkTest.EcsContextTests,EcsContext_CreateEntity,DestroyEntity,Job-FTOBUC,False,Default,Default,Default,Default,Default,Default,111111111111111111111111,Empty,LegacyJit,X86,8c5e7fda-e8bf-4a96-9a85-a6e23a8c635c,.NET Framework 4.8,False,True,False,True,Default,Default,False,False,False,Default,Default,Default,Default,Default,Default,Default,1,Default,Default,Default,Default,Default,Default,Default,Default,Default,1,Default,?,Normal_Bx4,?,76.434 ms,1.1284 ms,1.0555 ms,76.555 ms
EcsLte.BenchmarkTest.EcsContextTests,EcsContext_CreateEntity,DestroyEntity,Job-FTOBUC,False,Default,Default,Default,Default,Default,Default,111111111111111111111111,Empty,LegacyJit,X86,8c5e7fda-e8bf-4a96-9a85-a6e23a8c635c,.NET Framework 4.8,False,True,False,True,Default,Default,False,False,False,Default,Default,Default,Default,Default,Default,Default,1,Default,Default,Default,Default,Default,Default,Default,Default,Default,1,Default,?,Shared_Bx4,?,77.301 ms,1.0991 ms,1.0281 ms,77.307 ms
EcsLte.BenchmarkTest.EcsContextTests,EcsContext_CreateEntity,DestroyEntity,Job-FTOBUC,False,Default,Default,Default,Default,Default,Default,111111111111111111111111,Empty,LegacyJit,X86,8c5e7fda-e8bf-4a96-9a85-a6e23a8c635c,.NET Framework 4.8,False,True,False,True,Default,Default,False,False,False,Default,Default,Default,Default,Default,Default,Default,1,Default,Default,Default,Default,Default,Default,Default,Default,Default,1,Default,?,Normal_Mx4,?,76.270 ms,0.9116 ms,0.8528 ms,76.179 ms
EcsLte.BenchmarkTest.EcsContextTests,EcsContext_CreateEntity,DestroyEntity,Job-FTOBUC,False,Default,Default,Default,Default,Default,Default,111111111111111111111111,Empty,LegacyJit,X86,8c5e7fda-e8bf-4a96-9a85-a6e23a8c635c,.NET Framework 4.8,False,True,False,True,Default,Default,False,False,False,Default,Default,Default,Default,Default,Default,Default,1,Default,Default,Default,Default,Default,Default,Default,Default,Default,1,Default,?,Shared_Mx4,?,76.859 ms,0.8523 ms,0.7972 ms,76.833 ms
EcsLte.BenchmarkTest.EcsContextTests,EcsContext_CreateEntity,DestroyEntity,Job-FTOBUC,False,Default,Default,Default,Default,Default,Default,111111111111111111111111,Empty,LegacyJit,X86,8c5e7fda-e8bf-4a96-9a85-a6e23a8c635c,.NET Framework 4.8,False,True,False,True,Default,Default,False,False,False,Default,Default,Default,Default,Default,Default,Default,1,Default,Default,Default,Default,Default,Default,Default,Default,Default,1,Default,?,Normal_Bx2_Mx2,?,76.380 ms,1.0640 ms,0.9953 ms,76.339 ms
EcsLte.BenchmarkTest.EcsContextTests,EcsContext_CreateEntity,DestroyEntity,Job-FTOBUC,False,Default,Default,Default,Default,Default,Default,111111111111111111111111,Empty,LegacyJit,X86,8c5e7fda-e8bf-4a96-9a85-a6e23a8c635c,.NET Framework 4.8,False,True,False,True,Default,Default,False,False,False,Default,Default,Default,Default,Default,Default,Default,1,Default,Default,Default,Default,Default,Default,Default,Default,Default,1,Default,?,Shared_Bx2_Mx2,?,78.807 ms,1.4949 ms,1.3983 ms,78.452 ms
EcsLte.BenchmarkTest.EcsContextTests,EcsContext_CreateEntity,DestroyEntity_Reuse,Job-FTOBUC,False,Default,Default,Default,Default,Default,Default,111111111111111111111111,Empty,LegacyJit,X86,8c5e7fda-e8bf-4a96-9a85-a6e23a8c635c,.NET Framework 4.8,False,True,False,True,Default,Default,False,False,False,Default,Default,Default,Default,Default,Default,Default,1,Default,Default,Default,Default,Default,Default,Default,Default,Default,1,Default,?,Normal_Bx4,?,72.515 ms,0.4035 ms,0.3774 ms,72.512 ms
EcsLte.BenchmarkTest.EcsContextTests,EcsContext_CreateEntity,DestroyEntity_Reuse,Job-FTOBUC,False,Default,Default,Default,Default,Default,Default,111111111111111111111111,Empty,LegacyJit,X86,8c5e7fda-e8bf-4a96-9a85-a6e23a8c635c,.NET Framework 4.8,False,True,False,True,Default,Default,False,False,False,Default,Default,Default,Default,Default,Default,Default,1,Default,Default,Default,Default,Default,Default,Default,Default,Default,1,Default,?,Shared_Bx4,?,71.614 ms,0.1262 ms,0.0985 ms,71.631 ms
EcsLte.BenchmarkTest.EcsContextTests,EcsContext_CreateEntity,DestroyEntity_Reuse,Job-FTOBUC,False,Default,Default,Default,Default,Default,Default,111111111111111111111111,Empty,LegacyJit,X86,8c5e7fda-e8bf-4a96-9a85-a6e23a8c635c,.NET Framework 4.8,False,True,False,True,Default,Default,False,False,False,Default,Default,Default,Default,Default,Default,Default,1,Default,Default,Default,Default,Default,Default,Default,Default,Default,1,Default,?,Normal_Mx4,?,72.768 ms,0.5723 ms,0.4779 ms,72.578 ms
EcsLte.BenchmarkTest.EcsContextTests,EcsContext_CreateEntity,DestroyEntity_Reuse,Job-FTOBUC,False,Default,Default,Default,Default,Default,Default,111111111111111111111111,Empty,LegacyJit,X86,8c5e7fda-e8bf-4a96-9a85-a6e23a8c635c,.NET Framework 4.8,False,True,False,True,Default,Default,False,False,False,Default,Default,Default,Default,Default,Default,Default,1,Default,Default,Default,Default,Default,Default,Default,Default,Default,1,Default,?,Shared_Mx4,?,71.083 ms,0.2466 ms,0.2186 ms,71.029 ms
EcsLte.BenchmarkTest.EcsContextTests,EcsContext_CreateEntity,DestroyEntity_Reuse,Job-FTOBUC,False,Default,Default,Default,Default,Default,Default,111111111111111111111111,Empty,LegacyJit,X86,8c5e7fda-e8bf-4a96-9a85-a6e23a8c635c,.NET Framework 4.8,False,True,False,True,Default,Default,False,False,False,Default,Default,Default,Default,Default,Default,Default,1,Default,Default,Default,Default,Default,Default,Default,Default,Default,1,Default,?,Normal_Bx2_Mx2,?,73.052 ms,0.3952 ms,0.3697 ms,72.937 ms
EcsLte.BenchmarkTest.EcsContextTests,EcsContext_CreateEntity,DestroyEntity_Reuse,Job-FTOBUC,False,Default,Default,Default,Default,Default,Default,111111111111111111111111,Empty,LegacyJit,X86,8c5e7fda-e8bf-4a96-9a85-a6e23a8c635c,.NET Framework 4.8,False,True,False,True,Default,Default,False,False,False,Default,Default,Default,Default,Default,Default,Default,1,Default,Default,Default,Default,Default,Default,Default,Default,Default,1,Default,?,Shared_Bx2_Mx2,?,72.854 ms,0.7226 ms,0.6759 ms,73.057 ms
EcsLte.BenchmarkTest.EcsContextTests,EcsContext_Transfer,TransferEntities_Destroy,Job-FTOBUC,False,Default,Default,Default,Default,Default,Default,111111111111111111111111,Empty,LegacyJit,X86,8c5e7fda-e8bf-4a96-9a85-a6e23a8c635c,.NET Framework 4.8,False,True,False,True,Default,Default,False,False,False,Default,Default,Default,Default,Default,Default,Default,1,Default,Default,Default,Default,Default,Default,Default,Default,Default,1,Default,?,Normal_Bx4,?,177.711 ms,3.5363 ms,6.4664 ms,175.758 ms
EcsLte.BenchmarkTest.EcsContextTests,EcsContext_Transfer,TransferEntities_Destroy,Job-FTOBUC,False,Default,Default,Default,Default,Default,Default,111111111111111111111111,Empty,LegacyJit,X86,8c5e7fda-e8bf-4a96-9a85-a6e23a8c635c,.NET Framework 4.8,False,True,False,True,Default,Default,False,False,False,Default,Default,Default,Default,Default,Default,Default,1,Default,Default,Default,Default,Default,Default,Default,Default,Default,1,Default,?,Shared_Bx4,?,173.168 ms,3.4506 ms,6.0434 ms,169.033 ms
EcsLte.BenchmarkTest.EcsContextTests,EcsContext_Transfer,TransferEntities_Destroy,Job-FTOBUC,False,Default,Default,Default,Default,Default,Default,111111111111111111111111,Empty,LegacyJit,X86,8c5e7fda-e8bf-4a96-9a85-a6e23a8c635c,.NET Framework 4.8,False,True,False,True,Default,Default,False,False,False,Default,Default,Default,Default,Default,Default,Default,1,Default,Default,Default,Default,Default,Default,Default,Default,Default,1,Default,?,Normal_Mx4,?,177.406 ms,3.4983 ms,6.2182 ms,179.022 ms
EcsLte.BenchmarkTest.EcsContextTests,EcsContext_Transfer,TransferEntities_Destroy,Job-FTOBUC,False,Default,Default,Default,Default,Default,Default,111111111111111111111111,Empty,LegacyJit,X86,8c5e7fda-e8bf-4a96-9a85-a6e23a8c635c,.NET Framework 4.8,False,True,False,True,Default,Default,False,False,False,Default,Default,Default,Default,Default,Default,Default,1,Default,Default,Default,Default,Default,Default,Default,Default,Default,1,Default,?,Shared_Mx4,?,178.510 ms,3.5641 ms,6.9515 ms,178.456 ms
EcsLte.BenchmarkTest.EcsContextTests,EcsContext_Transfer,TransferEntities_Destroy,Job-FTOBUC,False,Default,Default,Default,Default,Default,Default,111111111111111111111111,Empty,LegacyJit,X86,8c5e7fda-e8bf-4a96-9a85-a6e23a8c635c,.NET Framework 4.8,False,True,False,True,Default,Default,False,False,False,Default,Default,Default,Default,Default,Default,Default,1,Default,Default,Default,Default,Default,Default,Default,Default,Default,1,Default,?,Normal_Bx2_Mx2,?,179.019 ms,3.5522 ms,6.4054 ms,179.097 ms
EcsLte.BenchmarkTest.EcsContextTests,EcsContext_Transfer,TransferEntities_Destroy,Job-FTOBUC,False,Default,Default,Default,Default,Default,Default,111111111111111111111111,Empty,LegacyJit,X86,8c5e7fda-e8bf-4a96-9a85-a6e23a8c635c,.NET Framework 4.8,False,True,False,True,Default,Default,False,False,False,Default,Default,Default,Default,Default,Default,Default,1,Default,Default,Default,Default,Default,Default,Default,Default,Default,1,Default,?,Shared_Bx2_Mx2,?,173.569 ms,3.4292 ms,6.6883 ms,175.157 ms
EcsLte.BenchmarkTest.EcsContextTests,EcsContext_Transfer,TransferEntities_NoDestroy,Job-FTOBUC,False,Default,Default,Default,Default,Default,Default,111111111111111111111111,Empty,LegacyJit,X86,8c5e7fda-e8bf-4a96-9a85-a6e23a8c635c,.NET Framework 4.8,False,True,False,True,Default,Default,False,False,False,Default,Default,Default,Default,Default,Default,Default,1,Default,Default,Default,Default,Default,Default,Default,Default,Default,1,Default,?,Normal_Bx4,?,119.035 ms,2.3704 ms,5.2527 ms,118.964 ms
EcsLte.BenchmarkTest.EcsContextTests,EcsContext_Transfer,TransferEntities_NoDestroy,Job-FTOBUC,False,Default,Default,Default,Default,Default,Default,111111111111111111111111,Empty,LegacyJit,X86,8c5e7fda-e8bf-4a96-9a85-a6e23a8c635c,.NET Framework 4.8,False,True,False,True,Default,Default,False,False,False,Default,Default,Default,Default,Default,Default,Default,1,Default,Default,Default,Default,Default,Default,Default,Default,Default,1,Default,?,Shared_Bx4,?,116.670 ms,2.3230 ms,5.9549 ms,114.167 ms
EcsLte.BenchmarkTest.EcsContextTests,EcsContext_Transfer,TransferEntities_NoDestroy,Job-FTOBUC,False,Default,Default,Default,Default,Default,Default,111111111111111111111111,Empty,LegacyJit,X86,8c5e7fda-e8bf-4a96-9a85-a6e23a8c635c,.NET Framework 4.8,False,True,False,True,Default,Default,False,False,False,Default,Default,Default,Default,Default,Default,Default,1,Default,Default,Default,Default,Default,Default,Default,Default,Default,1,Default,?,Normal_Mx4,?,119.522 ms,2.3801 ms,5.7025 ms,119.322 ms
EcsLte.BenchmarkTest.EcsContextTests,EcsContext_Transfer,TransferEntities_NoDestroy,Job-FTOBUC,False,Default,Default,Default,Default,Default,Default,111111111111111111111111,Empty,LegacyJit,X86,8c5e7fda-e8bf-4a96-9a85-a6e23a8c635c,.NET Framework 4.8,False,True,False,True,Default,Default,False,False,False,Default,Default,Default,Default,Default,Default,Default,1,Default,Default,Default,Default,Default,Default,Default,Default,Default,1,Default,?,Shared_Mx4,?,118.096 ms,2.3392 ms,5.8686 ms,118.000 ms
EcsLte.BenchmarkTest.EcsContextTests,EcsContext_Transfer,TransferEntities_NoDestroy,Job-FTOBUC,False,Default,Default,Default,Default,Default,Default,111111111111111111111111,Empty,LegacyJit,X86,8c5e7fda-e8bf-4a96-9a85-a6e23a8c635c,.NET Framework 4.8,False,True,False,True,Default,Default,False,False,False,Default,Default,Default,Default,Default,Default,Default,1,Default,Default,Default,Default,Default,Default,Default,Default,Default,1,Default,?,Normal_Bx2_Mx2,?,119.704 ms,2.3772 ms,6.2626 ms,120.455 ms
EcsLte.BenchmarkTest.EcsContextTests,EcsContext_Transfer,TransferEntities_NoDestroy,Job-FTOBUC,False,Default,Default,Default,Default,Default,Default,111111111111111111111111,Empty,LegacyJit,X86,8c5e7fda-e8bf-4a96-9a85-a6e23a8c635c,.NET Framework 4.8,False,True,False,True,Default,Default,False,False,False,Default,Default,Default,Default,Default,Default,Default,1,Default,Default,Default,Default,Default,Default,Default,Default,Default,1,Default,?,Shared_Bx2_Mx2,?,117.373 ms,2.3292 ms,6.0540 ms,118.428 ms
EcsLte.BenchmarkTest.EcsContextTests,EcsContext_Transfer,TransferEntityArcheType_Destroy,Job-FTOBUC,False,Default,Default,Default,Default,Default,Default,111111111111111111111111,Empty,LegacyJit,X86,8c5e7fda-e8bf-4a96-9a85-a6e23a8c635c,.NET Framework 4.8,False,True,False,True,Default,Default,False,False,False,Default,Default,Default,Default,Default,Default,Default,1,Default,Default,Default,Default,Default,Default,Default,Default,Default,1,Default,?,Normal_Bx4,?,38.158 ms,0.5547 ms,0.4917 ms,37.849 ms
EcsLte.BenchmarkTest.EcsContextTests,EcsContext_Transfer,TransferEntityArcheType_Destroy,Job-FTOBUC,False,Default,Default,Default,Default,Default,Default,111111111111111111111111,Empty,LegacyJit,X86,8c5e7fda-e8bf-4a96-9a85-a6e23a8c635c,.NET Framework 4.8,False,True,False,True,Default,Default,False,False,False,Default,Default,Default,Default,Default,Default,Default,1,Default,Default,Default,Default,Default,Default,Default,Default,Default,1,Default,?,Shared_Bx4,?,40.038 ms,0.5775 ms,0.5402 ms,39.798 ms
EcsLte.BenchmarkTest.EcsContextTests,EcsContext_Transfer,TransferEntityArcheType_Destroy,Job-FTOBUC,False,Default,Default,Default,Default,Default,Default,111111111111111111111111,Empty,LegacyJit,X86,8c5e7fda-e8bf-4a96-9a85-a6e23a8c635c,.NET Framework 4.8,False,True,False,True,Default,Default,False,False,False,Default,Default,Default,Default,Default,Default,Default,1,Default,Default,Default,Default,Default,Default,Default,Default,Default,1,Default,?,Normal_Mx4,?,40.473 ms,0.6425 ms,0.5696 ms,40.192 ms
EcsLte.BenchmarkTest.EcsContextTests,EcsContext_Transfer,TransferEntityArcheType_Destroy,Job-FTOBUC,False,Default,Default,Default,Default,Default,Default,111111111111111111111111,Empty,LegacyJit,X86,8c5e7fda-e8bf-4a96-9a85-a6e23a8c635c,.NET Framework 4.8,False,True,False,True,Default,Default,False,False,False,Default,Default,Default,Default,Default,Default,Default,1,Default,Default,Default,Default,Default,Default,Default,Default,Default,1,Default,?,Shared_Mx4,?,39.553 ms,0.5959 ms,0.5574 ms,39.250 ms
EcsLte.BenchmarkTest.EcsContextTests,EcsContext_Transfer,TransferEntityArcheType_Destroy,Job-FTOBUC,False,Default,Default,Default,Default,Default,Default,111111111111111111111111,Empty,LegacyJit,X86,8c5e7fda-e8bf-4a96-9a85-a6e23a8c635c,.NET Framework 4.8,False,True,False,True,Default,Default,False,False,False,Default,Default,Default,Default,Default,Default,Default,1,Default,Default,Default,Default,Default,Default,Default,Default,Default,1,Default,?,Normal_Bx2_Mx2,?,40.361 ms,0.7688 ms,0.8545 ms,39.910 ms
EcsLte.BenchmarkTest.EcsContextTests,EcsContext_Transfer,TransferEntityArcheType_Destroy,Job-FTOBUC,False,Default,Default,Default,Default,Default,Default,111111111111111111111111,Empty,LegacyJit,X86,8c5e7fda-e8bf-4a96-9a85-a6e23a8c635c,.NET Framework 4.8,False,True,False,True,Default,Default,False,False,False,Default,Default,Default,Default,Default,Default,Default,1,Default,Default,Default,Default,Default,Default,Default,Default,Default,1,Default,?,Shared_Bx2_Mx2,?,41.876 ms,0.8076 ms,0.8641 ms,41.362 ms
EcsLte.BenchmarkTest.EcsContextTests,EcsContext_Transfer,TransferEntityArcheType_NoDestroy,Job-FTOBUC,False,Default,Default,Default,Default,Default,Default,111111111111111111111111,Empty,LegacyJit,X86,8c5e7fda-e8bf-4a96-9a85-a6e23a8c635c,.NET Framework 4.8,False,True,False,True,Default,Default,False,False,False,Default,Default,Default,Default,Default,Default,Default,1,Default,Default,Default,Default,Default,Default,Default,Default,Default,1,Default,?,Normal_Bx4,?,31.077 ms,0.5957 ms,0.5851 ms,30.736 ms
EcsLte.BenchmarkTest.EcsContextTests,EcsContext_Transfer,TransferEntityArcheType_NoDestroy,Job-FTOBUC,False,Default,Default,Default,Default,Default,Default,111111111111111111111111,Empty,LegacyJit,X86,8c5e7fda-e8bf-4a96-9a85-a6e23a8c635c,.NET Framework 4.8,False,True,False,True,Default,Default,False,False,False,Default,Default,Default,Default,Default,Default,Default,1,Default,Default,Default,Default,Default,Default,Default,Default,Default,1,Default,?,Shared_Bx4,?,31.114 ms,0.6004 ms,0.7807 ms,30.668 ms
EcsLte.BenchmarkTest.EcsContextTests,EcsContext_Transfer,TransferEntityArcheType_NoDestroy,Job-FTOBUC,False,Default,Default,Default,Default,Default,Default,111111111111111111111111,Empty,LegacyJit,X86,8c5e7fda-e8bf-4a96-9a85-a6e23a8c635c,.NET Framework 4.8,False,True,False,True,Default,Default,False,False,False,Default,Default,Default,Default,Default,Default,Default,1,Default,Default,Default,Default,Default,Default,Default,Default,Default,1,Default,?,Normal_Mx4,?,31.368 ms,0.6237 ms,0.7183 ms,30.968 ms
EcsLte.BenchmarkTest.EcsContextTests,EcsContext_Transfer,TransferEntityArcheType_NoDestroy,Job-FTOBUC,False,Default,Default,Default,Default,Default,Default,111111111111111111111111,Empty,LegacyJit,X86,8c5e7fda-e8bf-4a96-9a85-a6e23a8c635c,.NET Framework 4.8,False,True,False,True,Default,Default,False,False,False,Default,Default,Default,Default,Default,Default,Default,1,Default,Default,Default,Default,Default,Default,Default,Default,Default,1,Default,?,Shared_Mx4,?,30.940 ms,0.6075 ms,0.6500 ms,30.555 ms
EcsLte.BenchmarkTest.EcsContextTests,EcsContext_Transfer,TransferEntityArcheType_NoDestroy,Job-FTOBUC,False,Default,Default,Default,Default,Default,Default,111111111111111111111111,Empty,LegacyJit,X86,8c5e7fda-e8bf-4a96-9a85-a6e23a8c635c,.NET Framework 4.8,False,True,False,True,Default,Default,False,False,False,Default,Default,Default,Default,Default,Default,Default,1,Default,Default,Default,Default,Default,Default,Default,Default,Default,1,Default,?,Normal_Bx2_Mx2,?,30.927 ms,0.5939 ms,0.6355 ms,30.581 ms
EcsLte.BenchmarkTest.EcsContextTests,EcsContext_Transfer,TransferEntityArcheType_NoDestroy,Job-FTOBUC,False,Default,Default,Default,Default,Default,Default,111111111111111111111111,Empty,LegacyJit,X86,8c5e7fda-e8bf-4a96-9a85-a6e23a8c635c,.NET Framework 4.8,False,True,False,True,Default,Default,False,False,False,Default,Default,Default,Default,Default,Default,Default,1,Default,Default,Default,Default,Default,Default,Default,Default,Default,1,Default,?,Shared_Bx2_Mx2,?,31.855 ms,0.6365 ms,1.0096 ms,31.850 ms
EcsLte.BenchmarkTest.EcsContextTests,EcsContext_Transfer,TransferEntityQuery_Destroy,Job-FTOBUC,False,Default,Default,Default,Default,Default,Default,111111111111111111111111,Empty,LegacyJit,X86,8c5e7fda-e8bf-4a96-9a85-a6e23a8c635c,.NET Framework 4.8,False,True,False,True,Default,Default,False,False,False,Default,Default,Default,Default,Default,Default,Default,1,Default,Default,Default,Default,Default,Default,Default,Default,Default,1,Default,?,Normal_Bx4,?,40.028 ms,0.5330 ms,0.4985 ms,39.848 ms
EcsLte.BenchmarkTest.EcsContextTests,EcsContext_Transfer,TransferEntityQuery_Destroy,Job-FTOBUC,False,Default,Default,Default,Default,Default,Default,111111111111111111111111,Empty,LegacyJit,X86,8c5e7fda-e8bf-4a96-9a85-a6e23a8c635c,.NET Framework 4.8,False,True,False,True,Default,Default,False,False,False,Default,Default,Default,Default,Default,Default,Default,1,Default,Default,Default,Default,Default,Default,Default,Default,Default,1,Default,?,Shared_Bx4,?,39.933 ms,0.4930 ms,0.4612 ms,39.666 ms
EcsLte.BenchmarkTest.EcsContextTests,EcsContext_Transfer,TransferEntityQuery_Destroy,Job-FTOBUC,False,Default,Default,Default,Default,Default,Default,111111111111111111111111,Empty,LegacyJit,X86,8c5e7fda-e8bf-4a96-9a85-a6e23a8c635c,.NET Framework 4.8,False,True,False,True,Default,Default,False,False,False,Default,Default,Default,Default,Default,Default,Default,1,Default,Default,Default,Default,Default,Default,Default,Default,Default,1,Default,?,Normal_Mx4,?,40.691 ms,0.7848 ms,0.9038 ms,40.248 ms
EcsLte.BenchmarkTest.EcsContextTests,EcsContext_Transfer,TransferEntityQuery_Destroy,Job-FTOBUC,False,Default,Default,Default,Default,Default,Default,111111111111111111111111,Empty,LegacyJit,X86,8c5e7fda-e8bf-4a96-9a85-a6e23a8c635c,.NET Framework 4.8,False,True,False,True,Default,Default,False,False,False,Default,Default,Default,Default,Default,Default,Default,1,Default,Default,Default,Default,Default,Default,Default,Default,Default,1,Default,?,Shared_Mx4,?,39.426 ms,0.5128 ms,0.4797 ms,39.194 ms
EcsLte.BenchmarkTest.EcsContextTests,EcsContext_Transfer,TransferEntityQuery_Destroy,Job-FTOBUC,False,Default,Default,Default,Default,Default,Default,111111111111111111111111,Empty,LegacyJit,X86,8c5e7fda-e8bf-4a96-9a85-a6e23a8c635c,.NET Framework 4.8,False,True,False,True,Default,Default,False,False,False,Default,Default,Default,Default,Default,Default,Default,1,Default,Default,Default,Default,Default,Default,Default,Default,Default,1,Default,?,Normal_Bx2_Mx2,?,40.466 ms,0.5482 ms,0.5128 ms,40.280 ms
EcsLte.BenchmarkTest.EcsContextTests,EcsContext_Transfer,TransferEntityQuery_Destroy,Job-FTOBUC,False,Default,Default,Default,Default,Default,Default,111111111111111111111111,Empty,LegacyJit,X86,8c5e7fda-e8bf-4a96-9a85-a6e23a8c635c,.NET Framework 4.8,False,True,False,True,Default,Default,False,False,False,Default,Default,Default,Default,Default,Default,Default,1,Default,Default,Default,Default,Default,Default,Default,Default,Default,1,Default,?,Shared_Bx2_Mx2,?,40.326 ms,0.7820 ms,0.7680 ms,39.922 ms
EcsLte.BenchmarkTest.EcsContextTests,EcsContext_Transfer,TransferEntityQuery_NoDestroy,Job-FTOBUC,False,Default,Default,Default,Default,Default,Default,111111111111111111111111,Empty,LegacyJit,X86,8c5e7fda-e8bf-4a96-9a85-a6e23a8c635c,.NET Framework 4.8,False,True,False,True,Default,Default,False,False,False,Default,Default,Default,Default,Default,Default,Default,1,Default,Default,Default,Default,Default,Default,Default,Default,Default,1,Default,?,Normal_Bx4,?,30.932 ms,0.6019 ms,0.5911 ms,30.637 ms
EcsLte.BenchmarkTest.EcsContextTests,EcsContext_Transfer,TransferEntityQuery_NoDestroy,Job-FTOBUC,False,Default,Default,Default,Default,Default,Default,111111111111111111111111,Empty,LegacyJit,X86,8c5e7fda-e8bf-4a96-9a85-a6e23a8c635c,.NET Framework 4.8,False,True,False,True,Default,Default,False,False,False,Default,Default,Default,Default,Default,Default,Default,1,Default,Default,Default,Default,Default,Default,Default,Default,Default,1,Default,?,Shared_Bx4,?,30.800 ms,0.6117 ms,0.6008 ms,30.496 ms
EcsLte.BenchmarkTest.EcsContextTests,EcsContext_Transfer,TransferEntityQuery_NoDestroy,Job-FTOBUC,False,Default,Default,Default,Default,Default,Default,111111111111111111111111,Empty,LegacyJit,X86,8c5e7fda-e8bf-4a96-9a85-a6e23a8c635c,.NET Framework 4.8,False,True,False,True,Default,Default,False,False,False,Default,Default,Default,Default,Default,Default,Default,1,Default,Default,Default,Default,Default,Default,Default,Default,Default,1,Default,?,Normal_Mx4,?,31.281 ms,0.5988 ms,0.7128 ms,30.899 ms
EcsLte.BenchmarkTest.EcsContextTests,EcsContext_Transfer,TransferEntityQuery_NoDestroy,Job-FTOBUC,False,Default,Default,Default,Default,Default,Default,111111111111111111111111,Empty,LegacyJit,X86,8c5e7fda-e8bf-4a96-9a85-a6e23a8c635c,.NET Framework 4.8,False,True,False,True,Default,Default,False,False,False,Default,Default,Default,Default,Default,Default,Default,1,Default,Default,Default,Default,Default,Default,Default,Default,Default,1,Default,?,Shared_Mx4,?,31.441 ms,0.6075 ms,0.7232 ms,31.064 ms
EcsLte.BenchmarkTest.EcsContextTests,EcsContext_Transfer,TransferEntityQuery_NoDestroy,Job-FTOBUC,False,Default,Default,Default,Default,Default,Default,111111111111111111111111,Empty,LegacyJit,X86,8c5e7fda-e8bf-4a96-9a85-a6e23a8c635c,.NET Framework 4.8,False,True,False,True,Default,Default,False,False,False,Default,Default,Default,Default,Default,Default,Default,1,Default,Default,Default,Default,Default,Default,Default,Default,Default,1,Default,?,Normal_Bx2_Mx2,?,31.059 ms,0.6127 ms,0.9718 ms,30.574 ms
EcsLte.BenchmarkTest.EcsContextTests,EcsContext_Transfer,TransferEntityQuery_NoDestroy,Job-FTOBUC,False,Default,Default,Default,Default,Default,Default,111111111111111111111111,Empty,LegacyJit,X86,8c5e7fda-e8bf-4a96-9a85-a6e23a8c635c,.NET Framework 4.8,False,True,False,True,Default,Default,False,False,False,Default,Default,Default,Default,Default,Default,Default,1,Default,Default,Default,Default,Default,Default,Default,Default,Default,1,Default,?,Shared_Bx2_Mx2,?,31.257 ms,0.6066 ms,0.5958 ms,30.964 ms
EcsLte.BenchmarkTest.EcsContextTests,EcsContext_Transfer,TransferEntity_Destroy,Job-FTOBUC,False,Default,Default,Default,Default,Default,Default,111111111111111111111111,Empty,LegacyJit,X86,8c5e7fda-e8bf-4a96-9a85-a6e23a8c635c,.NET Framework 4.8,False,True,False,True,Default,Default,False,False,False,Default,Default,Default,Default,Default,Default,Default,1,Default,Default,Default,Default,Default,Default,Default,Default,Default,1,Default,?,Normal_Bx4,?,271.472 ms,0.4769 ms,0.4227 ms,271.395 ms
EcsLte.BenchmarkTest.EcsContextTests,EcsContext_Transfer,TransferEntity_Destroy,Job-FTOBUC,False,Default,Default,Default,Default,Default,Default,111111111111111111111111,Empty,LegacyJit,X86,8c5e7fda-e8bf-4a96-9a85-a6e23a8c635c,.NET Framework 4.8,False,True,False,True,Default,Default,False,False,False,Default,Default,Default,Default,Default,Default,Default,1,Default,Default,Default,Default,Default,Default,Default,Default,Default,1,Default,?,Shared_Bx4,?,307.423 ms,0.7617 ms,0.6753 ms,307.408 ms
EcsLte.BenchmarkTest.EcsContextTests,EcsContext_Transfer,TransferEntity_Destroy,Job-FTOBUC,False,Default,Default,Default,Default,Default,Default,111111111111111111111111,Empty,LegacyJit,X86,8c5e7fda-e8bf-4a96-9a85-a6e23a8c635c,.NET Framework 4.8,False,True,False,True,Default,Default,False,False,False,Default,Default,Default,Default,Default,Default,Default,1,Default,Default,Default,Default,Default,Default,Default,Default,Default,1,Default,?,Normal_Mx4,?,272.102 ms,0.9107 ms,0.8519 ms,271.797 ms
EcsLte.BenchmarkTest.EcsContextTests,EcsContext_Transfer,TransferEntity_Destroy,Job-FTOBUC,False,Default,Default,Default,Default,Default,Default,111111111111111111111111,Empty,LegacyJit,X86,8c5e7fda-e8bf-4a96-9a85-a6e23a8c635c,.NET Framework 4.8,False,True,False,True,Default,Default,False,False,False,Default,Default,Default,Default,Default,Default,Default,1,Default,Default,Default,Default,Default,Default,Default,Default,Default,1,Default,?,Shared_Mx4,?,309.069 ms,1.4379 ms,1.3450 ms,309.029 ms
EcsLte.BenchmarkTest.EcsContextTests,EcsContext_Transfer,TransferEntity_Destroy,Job-FTOBUC,False,Default,Default,Default,Default,Default,Default,111111111111111111111111,Empty,LegacyJit,X86,8c5e7fda-e8bf-4a96-9a85-a6e23a8c635c,.NET Framework 4.8,False,True,False,True,Default,Default,False,False,False,Default,Default,Default,Default,Default,Default,Default,1,Default,Default,Default,Default,Default,Default,Default,Default,Default,1,Default,?,Normal_Bx2_Mx2,?,272.607 ms,0.4635 ms,0.4109 ms,272.601 ms
EcsLte.BenchmarkTest.EcsContextTests,EcsContext_Transfer,TransferEntity_Destroy,Job-FTOBUC,False,Default,Default,Default,Default,Default,Default,111111111111111111111111,Empty,LegacyJit,X86,8c5e7fda-e8bf-4a96-9a85-a6e23a8c635c,.NET Framework 4.8,False,True,False,True,Default,Default,False,False,False,Default,Default,Default,Default,Default,Default,Default,1,Default,Default,Default,Default,Default,Default,Default,Default,Default,1,Default,?,Shared_Bx2_Mx2,?,307.666 ms,0.6539 ms,0.6117 ms,307.666 ms
EcsLte.BenchmarkTest.EcsContextTests,EcsContext_Transfer,TransferEntity_NoDestroy,Job-FTOBUC,False,Default,Default,Default,Default,Default,Default,111111111111111111111111,Empty,LegacyJit,X86,8c5e7fda-e8bf-4a96-9a85-a6e23a8c635c,.NET Framework 4.8,False,True,False,True,Default,Default,False,False,False,Default,Default,Default,Default,Default,Default,Default,1,Default,Default,Default,Default,Default,Default,Default,Default,Default,1,Default,?,Normal_Bx4,?,216.918 ms,0.8025 ms,0.7507 ms,216.725 ms
EcsLte.BenchmarkTest.EcsContextTests,EcsContext_Transfer,TransferEntity_NoDestroy,Job-FTOBUC,False,Default,Default,Default,Default,Default,Default,111111111111111111111111,Empty,LegacyJit,X86,8c5e7fda-e8bf-4a96-9a85-a6e23a8c635c,.NET Framework 4.8,False,True,False,True,Default,Default,False,False,False,Default,Default,Default,Default,Default,Default,Default,1,Default,Default,Default,Default,Default,Default,Default,Default,Default,1,Default,?,Shared_Bx4,?,253.847 ms,0.6745 ms,0.6310 ms,253.749 ms
EcsLte.BenchmarkTest.EcsContextTests,EcsContext_Transfer,TransferEntity_NoDestroy,Job-FTOBUC,False,Default,Default,Default,Default,Default,Default,111111111111111111111111,Empty,LegacyJit,X86,8c5e7fda-e8bf-4a96-9a85-a6e23a8c635c,.NET Framework 4.8,False,True,False,True,Default,Default,False,False,False,Default,Default,Default,Default,Default,Default,Default,1,Default,Default,Default,Default,Default,Default,Default,Default,Default,1,Default,?,Normal_Mx4,?,216.378 ms,0.7382 ms,0.6905 ms,216.382 ms
EcsLte.BenchmarkTest.EcsContextTests,EcsContext_Transfer,TransferEntity_NoDestroy,Job-FTOBUC,False,Default,Default,Default,Default,Default,Default,111111111111111111111111,Empty,LegacyJit,X86,8c5e7fda-e8bf-4a96-9a85-a6e23a8c635c,.NET Framework 4.8,False,True,False,True,Default,Default,False,False,False,Default,Default,Default,Default,Default,Default,Default,1,Default,Default,Default,Default,Default,Default,Default,Default,Default,1,Default,?,Shared_Mx4,?,254.488 ms,0.4910 ms,0.4592 ms,254.379 ms
EcsLte.BenchmarkTest.EcsContextTests,EcsContext_Transfer,TransferEntity_NoDestroy,Job-FTOBUC,False,Default,Default,Default,Default,Default,Default,111111111111111111111111,Empty,LegacyJit,X86,8c5e7fda-e8bf-4a96-9a85-a6e23a8c635c,.NET Framework 4.8,False,True,False,True,Default,Default,False,False,False,Default,Default,Default,Default,Default,Default,Default,1,Default,Default,Default,Default,Default,Default,Default,Default,Default,1,Default,?,Normal_Bx2_Mx2,?,215.972 ms,0.4842 ms,0.4529 ms,216.086 ms
EcsLte.BenchmarkTest.EcsContextTests,EcsContext_Transfer,TransferEntity_NoDestroy,Job-FTOBUC,False,Default,Default,Default,Default,Default,Default,111111111111111111111111,Empty,LegacyJit,X86,8c5e7fda-e8bf-4a96-9a85-a6e23a8c635c,.NET Framework 4.8,False,True,False,True,Default,Default,False,False,False,Default,Default,Default,Default,Default,Default,Default,1,Default,Default,Default,Default,Default,Default,Default,Default,Default,1,Default,?,Shared_Bx2_Mx2,?,253.892 ms,0.5466 ms,0.4846 ms,253.668 ms
EcsLte.BenchmarkTest.EcsContextTests,EcsContext_UpdateComponent,UpdateComponent_Entity,Job-FTOBUC,False,Default,Default,Default,Default,Default,Default,111111111111111111111111,Empty,LegacyJit,X86,8c5e7fda-e8bf-4a96-9a85-a6e23a8c635c,.NET Framework 4.8,False,True,False,True,Default,Default,False,False,False,Default,Default,Default,Default,Default,Default,Default,1,Default,Default,Default,Default,Default,Default,Default,Default,Default,1,Default,?,Normal_Bx4,?,660.597 ms,1.5965 ms,1.4153 ms,660.366 ms
EcsLte.BenchmarkTest.EcsContextTests,EcsContext_UpdateComponent,UpdateComponent_Entity,Job-FTOBUC,False,Default,Default,Default,Default,Default,Default,111111111111111111111111,Empty,LegacyJit,X86,8c5e7fda-e8bf-4a96-9a85-a6e23a8c635c,.NET Framework 4.8,False,True,False,True,Default,Default,False,False,False,Default,Default,Default,Default,Default,Default,Default,1,Default,Default,Default,Default,Default,Default,Default,Default,Default,1,Default,?,Shared_Bx4,?,"1,684.991 ms",4.3855 ms,4.1022 ms,"1,685.989 ms"
EcsLte.BenchmarkTest.EcsContextTests,EcsContext_UpdateComponent,UpdateComponent_Entity,Job-FTOBUC,False,Default,Default,Default,Default,Default,Default,111111111111111111111111,Empty,LegacyJit,X86,8c5e7fda-e8bf-4a96-9a85-a6e23a8c635c,.NET Framework 4.8,False,True,False,True,Default,Default,False,False,False,Default,Default,Default,Default,Default,Default,Default,1,Default,Default,Default,Default,Default,Default,Default,Default,Default,1,Default,?,Normal_Mx4,?,661.471 ms,1.4619 ms,1.3674 ms,660.829 ms
EcsLte.BenchmarkTest.EcsContextTests,EcsContext_UpdateComponent,UpdateComponent_Entity,Job-FTOBUC,False,Default,Default,Default,Default,Default,Default,111111111111111111111111,Empty,LegacyJit,X86,8c5e7fda-e8bf-4a96-9a85-a6e23a8c635c,.NET Framework 4.8,False,True,False,True,Default,Default,False,False,False,Default,Default,Default,Default,Default,Default,Default,1,Default,Default,Default,Default,Default,Default,Default,Default,Default,1,Default,?,Shared_Mx4,?,"1,684.094 ms",4.1726 ms,3.6989 ms,"1,683.766 ms"
EcsLte.BenchmarkTest.EcsContextTests,EcsContext_UpdateComponent,UpdateComponent_Entity,Job-FTOBUC,False,Default,Default,Default,Default,Default,Default,111111111111111111111111,Empty,LegacyJit,X86,8c5e7fda-e8bf-4a96-9a85-a6e23a8c635c,.NET Framework 4.8,False,True,False,True,Default,Default,False,False,False,Default,Default,Default,Default,Default,Default,Default,1,Default,Default,Default,Default,Default,Default,Default,Default,Default,1,Default,?,Normal_Bx2_Mx2,?,665.952 ms,3.5415 ms,3.1394 ms,664.520 ms
EcsLte.BenchmarkTest.EcsContextTests,EcsContext_UpdateComponent,UpdateComponent_Entity,Job-FTOBUC,False,Default,Default,Default,Default,Default,Default,111111111111111111111111,Empty,LegacyJit,X86,8c5e7fda-e8bf-4a96-9a85-a6e23a8c635c,.NET Framework 4.8,False,True,False,True,Default,Default,False,False,False,Default,Default,Default,Default,Default,Default,Default,1,Default,Default,Default,Default,Default,Default,Default,Default,Default,1,Default,?,Shared_Bx2_Mx2,?,"1,682.737 ms",7.4123 ms,6.1896 ms,"1,682.983 ms"
EcsLte.BenchmarkTest.EcsContextTests,EcsContext_UpdateComponent,UpdateComponents_Entities,Job-FTOBUC,False,Default,Default,Default,Default,Default,Default,111111111111111111111111,Empty,LegacyJit,X86,8c5e7fda-e8bf-4a96-9a85-a6e23a8c635c,.NET Framework 4.8,False,True,False,True,Default,Default,False,False,False,Default,Default,Default,Default,Default,Default,Default,1,Default,Default,Default,Default,Default,Default,Default,Default,Default,1,Default,?,Normal_Bx4,?,558.654 ms,1.6083 ms,1.4257 ms,558.583 ms
EcsLte.BenchmarkTest.EcsContextTests,EcsContext_UpdateComponent,UpdateComponents_Entities,Job-FTOBUC,False,Default,Default,Default,Default,Default,Default,111111111111111111111111,Empty,LegacyJit,X86,8c5e7fda-e8bf-4a96-9a85-a6e23a8c635c,.NET Framework 4.8,False,True,False,True,Default,Default,False,False,False,Default,Default,Default,Default,Default,Default,Default,1,Default,Default,Default,Default,Default,Default,Default,Default,Default,1,Default,?,Shared_Bx4,?,808.416 ms,2.2300 ms,2.0859 ms,808.644 ms
EcsLte.BenchmarkTest.EcsContextTests,EcsContext_UpdateComponent,UpdateComponents_Entities,Job-FTOBUC,False,Default,Default,Default,Default,Default,Default,111111111111111111111111,Empty,LegacyJit,X86,8c5e7fda-e8bf-4a96-9a85-a6e23a8c635c,.NET Framework 4.8,False,True,False,True,Default,Default,False,False,False,Default,Default,Default,Default,Default,Default,Default,1,Default,Default,Default,Default,Default,Default,Default,Default,Default,1,Default,?,Normal_Mx4,?,559.488 ms,1.3776 ms,1.2886 ms,559.845 ms
EcsLte.BenchmarkTest.EcsContextTests,EcsContext_UpdateComponent,UpdateComponents_Entities,Job-FTOBUC,False,Default,Default,Default,Default,Default,Default,111111111111111111111111,Empty,LegacyJit,X86,8c5e7fda-e8bf-4a96-9a85-a6e23a8c635c,.NET Framework 4.8,False,True,False,True,Default,Default,False,False,False,Default,Default,Default,Default,Default,Default,Default,1,Default,Default,Default,Default,Default,Default,Default,Default,Default,1,Default,?,Shared_Mx4,?,808.962 ms,2.1660 ms,1.9201 ms,808.293 ms
EcsLte.BenchmarkTest.EcsContextTests,EcsContext_UpdateComponent,UpdateComponents_Entities,Job-FTOBUC,False,Default,Default,Default,Default,Default,Default,111111111111111111111111,Empty,LegacyJit,X86,8c5e7fda-e8bf-4a96-9a85-a6e23a8c635c,.NET Framework 4.8,False,True,False,True,Default,Default,False,False,False,Default,Default,Default,Default,Default,Default,Default,1,Default,Default,Default,Default,Default,Default,Default,Default,Default,1,Default,?,Normal_Bx2_Mx2,?,558.738 ms,1.7126 ms,1.5182 ms,559.066 ms
EcsLte.BenchmarkTest.EcsContextTests,EcsContext_UpdateComponent,UpdateComponents_Entities,Job-FTOBUC,False,Default,Default,Default,Default,Default,Default,111111111111111111111111,Empty,LegacyJit,X86,8c5e7fda-e8bf-4a96-9a85-a6e23a8c635c,.NET Framework 4.8,False,True,False,True,Default,Default,False,False,False,Default,Default,Default,Default,Default,Default,Default,1,Default,Default,Default,Default,Default,Default,Default,Default,Default,1,Default,?,Shared_Bx2_Mx2,?,807.771 ms,1.6856 ms,1.5767 ms,807.959 ms
EcsLte.BenchmarkTest.EcsContextTests,EcsContext_UpdateComponent,UpdateComponents_EntityArcheType,Job-FTOBUC,False,Default,Default,Default,Default,Default,Default,111111111111111111111111,Empty,LegacyJit,X86,8c5e7fda-e8bf-4a96-9a85-a6e23a8c635c,.NET Framework 4.8,False,True,False,True,Default,Default,False,False,False,Default,Default,Default,Default,Default,Default,Default,1,Default,Default,Default,Default,Default,Default,Default,Default,Default,1,Default,?,Normal_Bx4,?,79.161 ms,0.6643 ms,0.6214 ms,78.786 ms
EcsLte.BenchmarkTest.EcsContextTests,EcsContext_UpdateComponent,UpdateComponents_EntityArcheType,Job-FTOBUC,False,Default,Default,Default,Default,Default,Default,111111111111111111111111,Empty,LegacyJit,X86,8c5e7fda-e8bf-4a96-9a85-a6e23a8c635c,.NET Framework 4.8,False,True,False,True,Default,Default,False,False,False,Default,Default,Default,Default,Default,Default,Default,1,Default,Default,Default,Default,Default,Default,Default,Default,Default,1,Default,?,Shared_Bx4,?,49.469 ms,0.5779 ms,0.7098 ms,49.243 ms
EcsLte.BenchmarkTest.EcsContextTests,EcsContext_UpdateComponent,UpdateComponents_EntityArcheType,Job-FTOBUC,False,Default,Default,Default,Default,Default,Default,111111111111111111111111,Empty,LegacyJit,X86,8c5e7fda-e8bf-4a96-9a85-a6e23a8c635c,.NET Framework 4.8,False,True,False,True,Default,Default,False,False,False,Default,Default,Default,Default,Default,Default,Default,1,Default,Default,Default,Default,Default,Default,Default,Default,Default,1,Default,?,Normal_Mx4,?,78.536 ms,0.1299 ms,0.1084 ms,78.518 ms
EcsLte.BenchmarkTest.EcsContextTests,EcsContext_UpdateComponent,UpdateComponents_EntityArcheType,Job-FTOBUC,False,Default,Default,Default,Default,Default,Default,111111111111111111111111,Empty,LegacyJit,X86,8c5e7fda-e8bf-4a96-9a85-a6e23a8c635c,.NET Framework 4.8,False,True,False,True,Default,Default,False,False,False,Default,Default,Default,Default,Default,Default,Default,1,Default,Default,Default,Default,Default,Default,Default,Default,Default,1,Default,?,Shared_Mx4,?,49.372 ms,0.4700 ms,0.4396 ms,49.337 ms
EcsLte.BenchmarkTest.EcsContextTests,EcsContext_UpdateComponent,UpdateComponents_EntityArcheType,Job-FTOBUC,False,Default,Default,Default,Default,Default,Default,111111111111111111111111,Empty,LegacyJit,X86,8c5e7fda-e8bf-4a96-9a85-a6e23a8c635c,.NET Framework 4.8,False,True,False,True,Default,Default,False,False,False,Default,Default,Default,Default,Default,Default,Default,1,Default,Default,Default,Default,Default,Default,Default,Default,Default,1,Default,?,Normal_Bx2_Mx2,?,79.016 ms,0.1863 ms,0.1743 ms,79.027 ms
EcsLte.BenchmarkTest.EcsContextTests,EcsContext_UpdateComponent,UpdateComponents_EntityArcheType,Job-FTOBUC,False,Default,Default,Default,Default,Default,Default,111111111111111111111111,Empty,LegacyJit,X86,8c5e7fda-e8bf-4a96-9a85-a6e23a8c635c,.NET Framework 4.8,False,True,False,True,Default,Default,False,False,False,Default,Default,Default,Default,Default,Default,Default,1,Default,Default,Default,Default,Default,Default,Default,Default,Default,1,Default,?,Shared_Bx2_Mx2,?,49.462 ms,0.2544 ms,0.2124 ms,49.402 ms
EcsLte.BenchmarkTest.EcsContextTests,EcsContext_UpdateComponent,UpdateComponents_EntityQuery,Job-FTOBUC,False,Default,Default,Default,Default,Default,Default,111111111111111111111111,Empty,LegacyJit,X86,8c5e7fda-e8bf-4a96-9a85-a6e23a8c635c,.NET Framework 4.8,False,True,False,True,Default,Default,False,False,False,Default,Default,Default,Default,Default,Default,Default,1,Default,Default,Default,Default,Default,Default,Default,Default,Default,1,Default,?,Normal_Bx4,?,79.279 ms,0.9210 ms,0.8165 ms,79.300 ms
EcsLte.BenchmarkTest.EcsContextTests,EcsContext_UpdateComponent,UpdateComponents_EntityQuery,Job-FTOBUC,False,Default,Default,Default,Default,Default,Default,111111111111111111111111,Empty,LegacyJit,X86,8c5e7fda-e8bf-4a96-9a85-a6e23a8c635c,.NET Framework 4.8,False,True,False,True,Default,Default,False,False,False,Default,Default,Default,Default,Default,Default,Default,1,Default,Default,Default,Default,Default,Default,Default,Default,Default,1,Default,?,Shared_Bx4,?,180.202 ms,1.9048 ms,1.7817 ms,179.897 ms
EcsLte.BenchmarkTest.EcsContextTests,EcsContext_UpdateComponent,UpdateComponents_EntityQuery,Job-FTOBUC,False,Default,Default,Default,Default,Default,Default,111111111111111111111111,Empty,LegacyJit,X86,8c5e7fda-e8bf-4a96-9a85-a6e23a8c635c,.NET Framework 4.8,False,True,False,True,Default,Default,False,False,False,Default,Default,Default,Default,Default,Default,Default,1,Default,Default,Default,Default,Default,Default,Default,Default,Default,1,Default,?,Normal_Mx4,?,78.702 ms,0.1856 ms,0.1736 ms,78.686 ms
EcsLte.BenchmarkTest.EcsContextTests,EcsContext_UpdateComponent,UpdateComponents_EntityQuery,Job-FTOBUC,False,Default,Default,Default,Default,Default,Default,111111111111111111111111,Empty,LegacyJit,X86,8c5e7fda-e8bf-4a96-9a85-a6e23a8c635c,.NET Framework 4.8,False,True,False,True,Default,Default,False,False,False,Default,Default,Default,Default,Default,Default,Default,1,Default,Default,Default,Default,Default,Default,Default,Default,Default,1,Default,?,Shared_Mx4,?,179.469 ms,1.2688 ms,1.1869 ms,179.524 ms
EcsLte.BenchmarkTest.EcsContextTests,EcsContext_UpdateComponent,UpdateComponents_EntityQuery,Job-FTOBUC,False,Default,Default,Default,Default,Default,Default,111111111111111111111111,Empty,LegacyJit,X86,8c5e7fda-e8bf-4a96-9a85-a6e23a8c635c,.NET Framework 4.8,False,True,False,True,Default,Default,False,False,False,Default,Default,Default,Default,Default,Default,Default,1,Default,Default,Default,Default,Default,Default,Default,Default,Default,1,Default,?,Normal_Bx2_Mx2,?,78.868 ms,0.2801 ms,0.2620 ms,78.865 ms
EcsLte.BenchmarkTest.EcsContextTests,EcsContext_UpdateComponent,UpdateComponents_EntityQuery,Job-FTOBUC,False,Default,Default,Default,Default,Default,Default,111111111111111111111111,Empty,LegacyJit,X86,8c5e7fda-e8bf-4a96-9a85-a6e23a8c635c,.NET Framework 4.8,False,True,False,True,Default,Default,False,False,False,Default,Default,Default,Default,Default,Default,Default,1,Default,Default,Default,Default,Default,Default,Default,Default,Default,1,Default,?,Shared_Bx2_Mx2,?,179.156 ms,1.8299 ms,1.7117 ms,178.790 ms
EcsLte.BenchmarkTest.EntityQueryTests,EntityQuery_ForEach,ForEach,Job-FTOBUC,False,Default,Default,Default,Default,Default,Default,111111111111111111111111,Empty,LegacyJit,X86,8c5e7fda-e8bf-4a96-9a85-a6e23a8c635c,.NET Framework 4.8,False,True,False,True,Default,Default,False,False,False,Default,Default,Default,Default,Default,Default,Default,1,Default,Default,Default,Default,Default,Default,Default,Default,Default,1,Default,?,?,R0W0,76.782 ms,1.1696 ms,1.0941 ms,76.146 ms
EcsLte.BenchmarkTest.EntityQueryTests,EntityQuery_ForEach,ForEach,Job-FTOBUC,False,Default,Default,Default,Default,Default,Default,111111111111111111111111,Empty,LegacyJit,X86,8c5e7fda-e8bf-4a96-9a85-a6e23a8c635c,.NET Framework 4.8,False,True,False,True,Default,Default,False,False,False,Default,Default,Default,Default,Default,Default,Default,1,Default,Default,Default,Default,Default,Default,Default,Default,Default,1,Default,?,?,R0W4_Normal_Bx4,"1,187.509 ms",5.9764 ms,5.5903 ms,"1,186.015 ms"
EcsLte.BenchmarkTest.EntityQueryTests,EntityQuery_ForEach,ForEach,Job-FTOBUC,False,Default,Default,Default,Default,Default,Default,111111111111111111111111,Empty,LegacyJit,X86,8c5e7fda-e8bf-4a96-9a85-a6e23a8c635c,.NET Framework 4.8,False,True,False,True,Default,Default,False,False,False,Default,Default,Default,Default,Default,Default,Default,1,Default,Default,Default,Default,Default,Default,Default,Default,Default,1,Default,?,?,R4W0_Normal_Bx4,990.932 ms,6.1277 ms,5.7319 ms,991.477 ms
EcsLte.BenchmarkTest.EntityQueryTests,EntityQuery_ForEach,ForEach,Job-FTOBUC,False,Default,Default,Default,Default,Default,Default,111111111111111111111111,Empty,LegacyJit,X86,8c5e7fda-e8bf-4a96-9a85-a6e23a8c635c,.NET Framework 4.8,False,True,False,True,Default,Default,False,False,False,Default,Default,Default,Default,Default,Default,Default,1,Default,Default,Default,Default,Default,Default,Default,Default,Default,1,Default,?,?,R0W4_Normal_Mx4,"1,188.936 ms",6.0723 ms,5.6800 ms,"1,187.651 ms"
EcsLte.BenchmarkTest.EntityQueryTests,EntityQuery_ForEach,ForEach,Job-FTOBUC,False,Default,Default,Default,Default,Default,Default,111111111111111111111111,Empty,LegacyJit,X86,8c5e7fda-e8bf-4a96-9a85-a6e23a8c635c,.NET Framework 4.8,False,True,False,True,Default,Default,False,False,False,Default,Default,Default,Default,Default,Default,Default,1,Default,Default,Default,Default,Default,Default,Default,Default,Default,1,Default,?,?,R4W0_Normal_Mx4,987.359 ms,2.9457 ms,2.7554 ms,987.188 ms
EcsLte.BenchmarkTest.EntityQueryTests,EntityQuery_ForEach,ForEach,Job-FTOBUC,False,Default,Default,Default,Default,Default,Default,111111111111111111111111,Empty,LegacyJit,X86,8c5e7fda-e8bf-4a96-9a85-a6e23a8c635c,.NET Framework 4.8,False,True,False,True,Default,Default,False,False,False,Default,Default,Default,Default,Default,Default,Default,1,Default,Default,Default,Default,Default,Default,Default,Default,Default,1,Default,?,?,R0W4_Shared_Bx4,"1,779.748 ms",4.6005 ms,4.3033 ms,"1,779.969 ms"
EcsLte.BenchmarkTest.EntityQueryTests,EntityQuery_ForEach,ForEach,Job-FTOBUC,False,Default,Default,Default,Default,Default,Default,111111111111111111111111,Empty,LegacyJit,X86,8c5e7fda-e8bf-4a96-9a85-a6e23a8c635c,.NET Framework 4.8,False,True,False,True,Default,Default,False,False,False,Default,Default,Default,Default,Default,Default,Default,1,Default,Default,Default,Default,Default,Default,Default,Default,Default,1,Default,?,?,R4W0_Shared_Bx4,"1,001.899 ms",8.3441 ms,7.8051 ms,"1,003.395 ms"
EcsLte.BenchmarkTest.EntityQueryTests,EntityQuery_ForEach,ForEach,Job-FTOBUC,False,Default,Default,Default,Default,Default,Default,111111111111111111111111,Empty,LegacyJit,X86,8c5e7fda-e8bf-4a96-9a85-a6e23a8c635c,.NET Framework 4.8,False,True,False,True,Default,Default,False,False,False,Default,Default,Default,Default,Default,Default,Default,1,Default,Default,Default,Default,Default,Default,Default,Default,Default,1,Default,?,?,R0W4_Shared_Mx4,"1,782.334 ms",6.1241 ms,5.4289 ms,"1,780.881 ms"
EcsLte.BenchmarkTest.EntityQueryTests,EntityQuery_ForEach,ForEach,Job-FTOBUC,False,Default,Default,Default,Default,Default,Default,111111111111111111111111,Empty,LegacyJit,X86,8c5e7fda-e8bf-4a96-9a85-a6e23a8c635c,.NET Framework 4.8,False,True,False,True,Default,Default,False,False,False,Default,Default,Default,Default,Default,Default,Default,1,Default,Default,Default,Default,Default,Default,Default,Default,Default,1,Default,?,?,R4W0_Shared_Mx4,"1,004.247 ms",7.2782 ms,6.8081 ms,"1,006.153 ms"
EcsLte.BenchmarkTest.EntityQueryTests,EntityQuery_ForEach,ForEach,Job-FTOBUC,False,Default,Default,Default,Default,Default,Default,111111111111111111111111,Empty,LegacyJit,X86,8c5e7fda-e8bf-4a96-9a85-a6e23a8c635c,.NET Framework 4.8,False,True,False,True,Default,Default,False,False,False,Default,Default,Default,Default,Default,Default,Default,1,Default,Default,Default,Default,Default,Default,Default,Default,Default,1,Default,?,?,R0W4_Normal_Bx2_Mx2,"1,194.163 ms",4.1537 ms,3.6821 ms,"1,194.030 ms"
EcsLte.BenchmarkTest.EntityQueryTests,EntityQuery_ForEach,ForEach,Job-FTOBUC,False,Default,Default,Default,Default,Default,Default,111111111111111111111111,Empty,LegacyJit,X86,8c5e7fda-e8bf-4a96-9a85-a6e23a8c635c,.NET Framework 4.8,False,True,False,True,Default,Default,False,False,False,Default,Default,Default,Default,Default,Default,Default,1,Default,Default,Default,Default,Default,Default,Default,Default,Default,1,Default,?,?,R4W0_Normal_Bx2_Mx2,991.572 ms,3.4333 ms,3.2115 ms,992.394 ms
EcsLte.BenchmarkTest.EntityQueryTests,EntityQuery_ForEach,ForEach,Job-FTOBUC,False,Default,Default,Default,Default,Default,Default,111111111111111111111111,Empty,LegacyJit,X86,8c5e7fda-e8bf-4a96-9a85-a6e23a8c635c,.NET Framework 4.8,False,True,False,True,Default,Default,False,False,False,Default,Default,Default,Default,Default,Default,Default,1,Default,Default,Default,Default,Default,Default,Default,Default,Default,1,Default,?,?,R0W4_Shared_Bx2_Mx2,"1,767.380 ms",9.3711 ms,7.8253 ms,"1,770.599 ms"
EcsLte.BenchmarkTest.EntityQueryTests,EntityQuery_ForEach,ForEach,Job-FTOBUC,False,Default,Default,Default,Default,Default,Default,111111111111111111111111,Empty,LegacyJit,X86,8c5e7fda-e8bf-4a96-9a85-a6e23a8c635c,.NET Framework 4.8,False,True,False,True,Default,Default,False,False,False,Default,Default,Default,Default,Default,Default,Default,1,Default,Default,Default,Default,Default,Default,Default,Default,Default,1,Default,?,?,R4W0_Shared_Bx2_Mx2,"1,003.156 ms",6.5127 ms,6.0919 ms,"1,004.188 ms"
