Method,Job,AnalyzeLaunchVariance,EvaluateOverhead,MaxAbsoluteError,MaxRelativeError,MinInvokeCount,MinIterationTime,OutlierMode,Affinity,EnvironmentVariables,Jit,Platform,PowerPlanMode,Runtime,AllowVeryLargeObjects,Concurrent,CpuGroups,Force,HeapAffinitizeMask,HeapCount,NoAffinitize,RetainVm,Server,Arguments,BuildConfiguration,Clock,EngineFactory,NuGetReferences,Toolchain,IsMutator,InvocationCount,IterationCount,IterationTime,LaunchCount,MaxIterationCount,MaxWarmupIterationCount,MemoryRandomization,MinIterationCount,MinWarmupIterationCount,RunStrategy,UnrollFactor,WarmupCount,CompArr,Mean,Error,StdDev
CreateEntity,Job-FTOBUC,False,Default,Default,Default,Default,Default,Default,111111111111111111111111,Empty,LegacyJit,X86,8c5e7fda-e8bf-4a96-9a85-a6e23a8c635c,.NET Framework 4.8,False,True,False,True,Default,Default,False,False,False,Default,Default,Default,Default,Default,Default,Default,1,Default,Default,Default,Default,Default,Default,Default,Default,Default,1,Default,Normal_x1,74.26 ms,1.132 ms,1.004 ms
CreateEntities,Job-FTOBUC,False,Default,Default,Default,Default,Default,Default,111111111111111111111111,Empty,LegacyJit,X86,8c5e7fda-e8bf-4a96-9a85-a6e23a8c635c,.NET Framework 4.8,False,True,False,True,Default,Default,False,False,False,Default,Default,Default,Default,Default,Default,Default,1,Default,Default,Default,Default,Default,Default,Default,Default,Default,1,Default,Normal_x1,29.25 ms,0.578 ms,0.618 ms
CreateEntity_Reuse,Job-FTOBUC,False,Default,Default,Default,Default,Default,Default,111111111111111111111111,Empty,LegacyJit,X86,8c5e7fda-e8bf-4a96-9a85-a6e23a8c635c,.NET Framework 4.8,False,True,False,True,Default,Default,False,False,False,Default,Default,Default,Default,Default,Default,Default,1,Default,Default,Default,Default,Default,Default,Default,Default,Default,1,Default,Normal_x1,56.07 ms,0.241 ms,0.225 ms
CreateEntities_Reuse,Job-FTOBUC,False,Default,Default,Default,Default,Default,Default,111111111111111111111111,Empty,LegacyJit,X86,8c5e7fda-e8bf-4a96-9a85-a6e23a8c635c,.NET Framework 4.8,False,True,False,True,Default,Default,False,False,False,Default,Default,Default,Default,Default,Default,Default,1,Default,Default,Default,Default,Default,Default,Default,Default,Default,1,Default,Normal_x1,29.83 ms,0.590 ms,0.918 ms
DestroyEntity,Job-FTOBUC,False,Default,Default,Default,Default,Default,Default,111111111111111111111111,Empty,LegacyJit,X86,8c5e7fda-e8bf-4a96-9a85-a6e23a8c635c,.NET Framework 4.8,False,True,False,True,Default,Default,False,False,False,Default,Default,Default,Default,Default,Default,Default,1,Default,Default,Default,Default,Default,Default,Default,Default,Default,1,Default,Normal_x1,47.21 ms,0.373 ms,0.330 ms
DestroyEntities,Job-FTOBUC,False,Default,Default,Default,Default,Default,Default,111111111111111111111111,Empty,LegacyJit,X86,8c5e7fda-e8bf-4a96-9a85-a6e23a8c635c,.NET Framework 4.8,False,True,False,True,Default,Default,False,False,False,Default,Default,Default,Default,Default,Default,Default,1,Default,Default,Default,Default,Default,Default,Default,Default,Default,1,Default,Normal_x1,40.04 ms,0.474 ms,0.396 ms
DestroyEntity_Reuse,Job-FTOBUC,False,Default,Default,Default,Default,Default,Default,111111111111111111111111,Empty,LegacyJit,X86,8c5e7fda-e8bf-4a96-9a85-a6e23a8c635c,.NET Framework 4.8,False,True,False,True,Default,Default,False,False,False,Default,Default,Default,Default,Default,Default,Default,1,Default,Default,Default,Default,Default,Default,Default,Default,Default,1,Default,Normal_x1,41.27 ms,0.642 ms,0.501 ms
DestroyEntities_Reuse,Job-FTOBUC,False,Default,Default,Default,Default,Default,Default,111111111111111111111111,Empty,LegacyJit,X86,8c5e7fda-e8bf-4a96-9a85-a6e23a8c635c,.NET Framework 4.8,False,True,False,True,Default,Default,False,False,False,Default,Default,Default,Default,Default,Default,Default,1,Default,Default,Default,Default,Default,Default,Default,Default,Default,1,Default,Normal_x1,34.04 ms,0.145 ms,0.135 ms
UpdateComponent,Job-FTOBUC,False,Default,Default,Default,Default,Default,Default,111111111111111111111111,Empty,LegacyJit,X86,8c5e7fda-e8bf-4a96-9a85-a6e23a8c635c,.NET Framework 4.8,False,True,False,True,Default,Default,False,False,False,Default,Default,Default,Default,Default,Default,Default,1,Default,Default,Default,Default,Default,Default,Default,Default,Default,1,Default,Normal_x1,56.89 ms,0.306 ms,0.286 ms
CreateEntity,Job-FTOBUC,False,Default,Default,Default,Default,Default,Default,111111111111111111111111,Empty,LegacyJit,X86,8c5e7fda-e8bf-4a96-9a85-a6e23a8c635c,.NET Framework 4.8,False,True,False,True,Default,Default,False,False,False,Default,Default,Default,Default,Default,Default,Default,1,Default,Default,Default,Default,Default,Default,Default,Default,Default,1,Default,Normal_x2,85.25 ms,1.700 ms,2.886 ms
CreateEntities,Job-FTOBUC,False,Default,Default,Default,Default,Default,Default,111111111111111111111111,Empty,LegacyJit,X86,8c5e7fda-e8bf-4a96-9a85-a6e23a8c635c,.NET Framework 4.8,False,True,False,True,Default,Default,False,False,False,Default,Default,Default,Default,Default,Default,Default,1,Default,Default,Default,Default,Default,Default,Default,Default,Default,1,Default,Normal_x2,35.79 ms,0.704 ms,1.074 ms
CreateEntity_Reuse,Job-FTOBUC,False,Default,Default,Default,Default,Default,Default,111111111111111111111111,Empty,LegacyJit,X86,8c5e7fda-e8bf-4a96-9a85-a6e23a8c635c,.NET Framework 4.8,False,True,False,True,Default,Default,False,False,False,Default,Default,Default,Default,Default,Default,Default,1,Default,Default,Default,Default,Default,Default,Default,Default,Default,1,Default,Normal_x2,65.01 ms,0.308 ms,0.273 ms
CreateEntities_Reuse,Job-FTOBUC,False,Default,Default,Default,Default,Default,Default,111111111111111111111111,Empty,LegacyJit,X86,8c5e7fda-e8bf-4a96-9a85-a6e23a8c635c,.NET Framework 4.8,False,True,False,True,Default,Default,False,False,False,Default,Default,Default,Default,Default,Default,Default,1,Default,Default,Default,Default,Default,Default,Default,Default,Default,1,Default,Normal_x2,30.14 ms,0.592 ms,0.634 ms
DestroyEntity,Job-FTOBUC,False,Default,Default,Default,Default,Default,Default,111111111111111111111111,Empty,LegacyJit,X86,8c5e7fda-e8bf-4a96-9a85-a6e23a8c635c,.NET Framework 4.8,False,True,False,True,Default,Default,False,False,False,Default,Default,Default,Default,Default,Default,Default,1,Default,Default,Default,Default,Default,Default,Default,Default,Default,1,Default,Normal_x2,48.57 ms,0.893 ms,0.746 ms
DestroyEntities,Job-FTOBUC,False,Default,Default,Default,Default,Default,Default,111111111111111111111111,Empty,LegacyJit,X86,8c5e7fda-e8bf-4a96-9a85-a6e23a8c635c,.NET Framework 4.8,False,True,False,True,Default,Default,False,False,False,Default,Default,Default,Default,Default,Default,Default,1,Default,Default,Default,Default,Default,Default,Default,Default,Default,1,Default,Normal_x2,42.04 ms,0.737 ms,0.653 ms
DestroyEntity_Reuse,Job-FTOBUC,False,Default,Default,Default,Default,Default,Default,111111111111111111111111,Empty,LegacyJit,X86,8c5e7fda-e8bf-4a96-9a85-a6e23a8c635c,.NET Framework 4.8,False,True,False,True,Default,Default,False,False,False,Default,Default,Default,Default,Default,Default,Default,1,Default,Default,Default,Default,Default,Default,Default,Default,Default,1,Default,Normal_x2,42.81 ms,0.224 ms,0.199 ms
DestroyEntities_Reuse,Job-FTOBUC,False,Default,Default,Default,Default,Default,Default,111111111111111111111111,Empty,LegacyJit,X86,8c5e7fda-e8bf-4a96-9a85-a6e23a8c635c,.NET Framework 4.8,False,True,False,True,Default,Default,False,False,False,Default,Default,Default,Default,Default,Default,Default,1,Default,Default,Default,Default,Default,Default,Default,Default,Default,1,Default,Normal_x2,35.94 ms,0.139 ms,0.123 ms
UpdateComponent,Job-FTOBUC,False,Default,Default,Default,Default,Default,Default,111111111111111111111111,Empty,LegacyJit,X86,8c5e7fda-e8bf-4a96-9a85-a6e23a8c635c,.NET Framework 4.8,False,True,False,True,Default,Default,False,False,False,Default,Default,Default,Default,Default,Default,Default,1,Default,Default,Default,Default,Default,Default,Default,Default,Default,1,Default,Normal_x2,120.89 ms,0.535 ms,0.500 ms
CreateEntity,Job-FTOBUC,False,Default,Default,Default,Default,Default,Default,111111111111111111111111,Empty,LegacyJit,X86,8c5e7fda-e8bf-4a96-9a85-a6e23a8c635c,.NET Framework 4.8,False,True,False,True,Default,Default,False,False,False,Default,Default,Default,Default,Default,Default,Default,1,Default,Default,Default,Default,Default,Default,Default,Default,Default,1,Default,Shared_x1,73.85 ms,1.459 ms,1.621 ms
CreateEntities,Job-FTOBUC,False,Default,Default,Default,Default,Default,Default,111111111111111111111111,Empty,LegacyJit,X86,8c5e7fda-e8bf-4a96-9a85-a6e23a8c635c,.NET Framework 4.8,False,True,False,True,Default,Default,False,False,False,Default,Default,Default,Default,Default,Default,Default,1,Default,Default,Default,Default,Default,Default,Default,Default,Default,1,Default,Shared_x1,29.42 ms,0.271 ms,0.266 ms
CreateEntity_Reuse,Job-FTOBUC,False,Default,Default,Default,Default,Default,Default,111111111111111111111111,Empty,LegacyJit,X86,8c5e7fda-e8bf-4a96-9a85-a6e23a8c635c,.NET Framework 4.8,False,True,False,True,Default,Default,False,False,False,Default,Default,Default,Default,Default,Default,Default,1,Default,Default,Default,Default,Default,Default,Default,Default,Default,1,Default,Shared_x1,56.56 ms,0.475 ms,0.444 ms
CreateEntities_Reuse,Job-FTOBUC,False,Default,Default,Default,Default,Default,Default,111111111111111111111111,Empty,LegacyJit,X86,8c5e7fda-e8bf-4a96-9a85-a6e23a8c635c,.NET Framework 4.8,False,True,False,True,Default,Default,False,False,False,Default,Default,Default,Default,Default,Default,Default,1,Default,Default,Default,Default,Default,Default,Default,Default,Default,1,Default,Shared_x1,29.65 ms,0.592 ms,0.905 ms
DestroyEntity,Job-FTOBUC,False,Default,Default,Default,Default,Default,Default,111111111111111111111111,Empty,LegacyJit,X86,8c5e7fda-e8bf-4a96-9a85-a6e23a8c635c,.NET Framework 4.8,False,True,False,True,Default,Default,False,False,False,Default,Default,Default,Default,Default,Default,Default,1,Default,Default,Default,Default,Default,Default,Default,Default,Default,1,Default,Shared_x1,46.04 ms,0.572 ms,0.535 ms
DestroyEntities,Job-FTOBUC,False,Default,Default,Default,Default,Default,Default,111111111111111111111111,Empty,LegacyJit,X86,8c5e7fda-e8bf-4a96-9a85-a6e23a8c635c,.NET Framework 4.8,False,True,False,True,Default,Default,False,False,False,Default,Default,Default,Default,Default,Default,Default,1,Default,Default,Default,Default,Default,Default,Default,Default,Default,1,Default,Shared_x1,39.58 ms,0.692 ms,0.647 ms
DestroyEntity_Reuse,Job-FTOBUC,False,Default,Default,Default,Default,Default,Default,111111111111111111111111,Empty,LegacyJit,X86,8c5e7fda-e8bf-4a96-9a85-a6e23a8c635c,.NET Framework 4.8,False,True,False,True,Default,Default,False,False,False,Default,Default,Default,Default,Default,Default,Default,1,Default,Default,Default,Default,Default,Default,Default,Default,Default,1,Default,Shared_x1,41.19 ms,0.775 ms,0.687 ms
DestroyEntities_Reuse,Job-FTOBUC,False,Default,Default,Default,Default,Default,Default,111111111111111111111111,Empty,LegacyJit,X86,8c5e7fda-e8bf-4a96-9a85-a6e23a8c635c,.NET Framework 4.8,False,True,False,True,Default,Default,False,False,False,Default,Default,Default,Default,Default,Default,Default,1,Default,Default,Default,Default,Default,Default,Default,Default,Default,1,Default,Shared_x1,34.49 ms,0.578 ms,0.512 ms
UpdateComponent,Job-FTOBUC,False,Default,Default,Default,Default,Default,Default,111111111111111111111111,Empty,LegacyJit,X86,8c5e7fda-e8bf-4a96-9a85-a6e23a8c635c,.NET Framework 4.8,False,True,False,True,Default,Default,False,False,False,Default,Default,Default,Default,Default,Default,Default,1,Default,Default,Default,Default,Default,Default,Default,Default,Default,1,Default,Shared_x1,388.62 ms,1.002 ms,0.836 ms
CreateEntity,Job-FTOBUC,False,Default,Default,Default,Default,Default,Default,111111111111111111111111,Empty,LegacyJit,X86,8c5e7fda-e8bf-4a96-9a85-a6e23a8c635c,.NET Framework 4.8,False,True,False,True,Default,Default,False,False,False,Default,Default,Default,Default,Default,Default,Default,1,Default,Default,Default,Default,Default,Default,Default,Default,Default,1,Default,Shared_x2,85.97 ms,1.699 ms,2.022 ms
CreateEntities,Job-FTOBUC,False,Default,Default,Default,Default,Default,Default,111111111111111111111111,Empty,LegacyJit,X86,8c5e7fda-e8bf-4a96-9a85-a6e23a8c635c,.NET Framework 4.8,False,True,False,True,Default,Default,False,False,False,Default,Default,Default,Default,Default,Default,Default,1,Default,Default,Default,Default,Default,Default,Default,Default,Default,1,Default,Shared_x2,30.57 ms,0.260 ms,0.217 ms
CreateEntity_Reuse,Job-FTOBUC,False,Default,Default,Default,Default,Default,Default,111111111111111111111111,Empty,LegacyJit,X86,8c5e7fda-e8bf-4a96-9a85-a6e23a8c635c,.NET Framework 4.8,False,True,False,True,Default,Default,False,False,False,Default,Default,Default,Default,Default,Default,Default,1,Default,Default,Default,Default,Default,Default,Default,Default,Default,1,Default,Shared_x2,65.15 ms,0.178 ms,0.167 ms
CreateEntities_Reuse,Job-FTOBUC,False,Default,Default,Default,Default,Default,Default,111111111111111111111111,Empty,LegacyJit,X86,8c5e7fda-e8bf-4a96-9a85-a6e23a8c635c,.NET Framework 4.8,False,True,False,True,Default,Default,False,False,False,Default,Default,Default,Default,Default,Default,Default,1,Default,Default,Default,Default,Default,Default,Default,Default,Default,1,Default,Shared_x2,30.01 ms,0.591 ms,0.747 ms
DestroyEntity,Job-FTOBUC,False,Default,Default,Default,Default,Default,Default,111111111111111111111111,Empty,LegacyJit,X86,8c5e7fda-e8bf-4a96-9a85-a6e23a8c635c,.NET Framework 4.8,False,True,False,True,Default,Default,False,False,False,Default,Default,Default,Default,Default,Default,Default,1,Default,Default,Default,Default,Default,Default,Default,Default,Default,1,Default,Shared_x2,48.67 ms,0.558 ms,0.522 ms
DestroyEntities,Job-FTOBUC,False,Default,Default,Default,Default,Default,Default,111111111111111111111111,Empty,LegacyJit,X86,8c5e7fda-e8bf-4a96-9a85-a6e23a8c635c,.NET Framework 4.8,False,True,False,True,Default,Default,False,False,False,Default,Default,Default,Default,Default,Default,Default,1,Default,Default,Default,Default,Default,Default,Default,Default,Default,1,Default,Shared_x2,41.30 ms,0.735 ms,0.687 ms
DestroyEntity_Reuse,Job-FTOBUC,False,Default,Default,Default,Default,Default,Default,111111111111111111111111,Empty,LegacyJit,X86,8c5e7fda-e8bf-4a96-9a85-a6e23a8c635c,.NET Framework 4.8,False,True,False,True,Default,Default,False,False,False,Default,Default,Default,Default,Default,Default,Default,1,Default,Default,Default,Default,Default,Default,Default,Default,Default,1,Default,Shared_x2,42.67 ms,0.099 ms,0.077 ms
DestroyEntities_Reuse,Job-FTOBUC,False,Default,Default,Default,Default,Default,Default,111111111111111111111111,Empty,LegacyJit,X86,8c5e7fda-e8bf-4a96-9a85-a6e23a8c635c,.NET Framework 4.8,False,True,False,True,Default,Default,False,False,False,Default,Default,Default,Default,Default,Default,Default,1,Default,Default,Default,Default,Default,Default,Default,Default,Default,1,Default,Shared_x2,35.90 ms,0.166 ms,0.138 ms
UpdateComponent,Job-FTOBUC,False,Default,Default,Default,Default,Default,Default,111111111111111111111111,Empty,LegacyJit,X86,8c5e7fda-e8bf-4a96-9a85-a6e23a8c635c,.NET Framework 4.8,False,True,False,True,Default,Default,False,False,False,Default,Default,Default,Default,Default,Default,Default,1,Default,Default,Default,Default,Default,Default,Default,Default,Default,1,Default,Shared_x2,950.42 ms,3.789 ms,3.359 ms
CreateEntity,Job-FTOBUC,False,Default,Default,Default,Default,Default,Default,111111111111111111111111,Empty,LegacyJit,X86,8c5e7fda-e8bf-4a96-9a85-a6e23a8c635c,.NET Framework 4.8,False,True,False,True,Default,Default,False,False,False,Default,Default,Default,Default,Default,Default,Default,1,Default,Default,Default,Default,Default,Default,Default,Default,Default,1,Default,Normal_x1_Shared_x1,84.36 ms,1.635 ms,2.397 ms
CreateEntities,Job-FTOBUC,False,Default,Default,Default,Default,Default,Default,111111111111111111111111,Empty,LegacyJit,X86,8c5e7fda-e8bf-4a96-9a85-a6e23a8c635c,.NET Framework 4.8,False,True,False,True,Default,Default,False,False,False,Default,Default,Default,Default,Default,Default,Default,1,Default,Default,Default,Default,Default,Default,Default,Default,Default,1,Default,Normal_x1_Shared_x1,30.53 ms,0.601 ms,0.954 ms
CreateEntity_Reuse,Job-FTOBUC,False,Default,Default,Default,Default,Default,Default,111111111111111111111111,Empty,LegacyJit,X86,8c5e7fda-e8bf-4a96-9a85-a6e23a8c635c,.NET Framework 4.8,False,True,False,True,Default,Default,False,False,False,Default,Default,Default,Default,Default,Default,Default,1,Default,Default,Default,Default,Default,Default,Default,Default,Default,1,Default,Normal_x1_Shared_x1,64.37 ms,0.546 ms,0.484 ms
CreateEntities_Reuse,Job-FTOBUC,False,Default,Default,Default,Default,Default,Default,111111111111111111111111,Empty,LegacyJit,X86,8c5e7fda-e8bf-4a96-9a85-a6e23a8c635c,.NET Framework 4.8,False,True,False,True,Default,Default,False,False,False,Default,Default,Default,Default,Default,Default,Default,1,Default,Default,Default,Default,Default,Default,Default,Default,Default,1,Default,Normal_x1_Shared_x1,30.46 ms,0.608 ms,0.833 ms
DestroyEntity,Job-FTOBUC,False,Default,Default,Default,Default,Default,Default,111111111111111111111111,Empty,LegacyJit,X86,8c5e7fda-e8bf-4a96-9a85-a6e23a8c635c,.NET Framework 4.8,False,True,False,True,Default,Default,False,False,False,Default,Default,Default,Default,Default,Default,Default,1,Default,Default,Default,Default,Default,Default,Default,Default,Default,1,Default,Normal_x1_Shared_x1,48.96 ms,0.948 ms,1.092 ms
DestroyEntities,Job-FTOBUC,False,Default,Default,Default,Default,Default,Default,111111111111111111111111,Empty,LegacyJit,X86,8c5e7fda-e8bf-4a96-9a85-a6e23a8c635c,.NET Framework 4.8,False,True,False,True,Default,Default,False,False,False,Default,Default,Default,Default,Default,Default,Default,1,Default,Default,Default,Default,Default,Default,Default,Default,Default,1,Default,Normal_x1_Shared_x1,41.54 ms,0.785 ms,0.734 ms
DestroyEntity_Reuse,Job-FTOBUC,False,Default,Default,Default,Default,Default,Default,111111111111111111111111,Empty,LegacyJit,X86,8c5e7fda-e8bf-4a96-9a85-a6e23a8c635c,.NET Framework 4.8,False,True,False,True,Default,Default,False,False,False,Default,Default,Default,Default,Default,Default,Default,1,Default,Default,Default,Default,Default,Default,Default,Default,Default,1,Default,Normal_x1_Shared_x1,42.67 ms,0.121 ms,0.113 ms
DestroyEntities_Reuse,Job-FTOBUC,False,Default,Default,Default,Default,Default,Default,111111111111111111111111,Empty,LegacyJit,X86,8c5e7fda-e8bf-4a96-9a85-a6e23a8c635c,.NET Framework 4.8,False,True,False,True,Default,Default,False,False,False,Default,Default,Default,Default,Default,Default,Default,1,Default,Default,Default,Default,Default,Default,Default,Default,Default,1,Default,Normal_x1_Shared_x1,35.88 ms,0.136 ms,0.113 ms
UpdateComponent,Job-FTOBUC,False,Default,Default,Default,Default,Default,Default,111111111111111111111111,Empty,LegacyJit,X86,8c5e7fda-e8bf-4a96-9a85-a6e23a8c635c,.NET Framework 4.8,False,True,False,True,Default,Default,False,False,False,Default,Default,Default,Default,Default,Default,Default,1,Default,Default,Default,Default,Default,Default,Default,Default,Default,1,Default,Normal_x1_Shared_x1,517.33 ms,2.712 ms,2.404 ms
CreateEntity,Job-FTOBUC,False,Default,Default,Default,Default,Default,Default,111111111111111111111111,Empty,LegacyJit,X86,8c5e7fda-e8bf-4a96-9a85-a6e23a8c635c,.NET Framework 4.8,False,True,False,True,Default,Default,False,False,False,Default,Default,Default,Default,Default,Default,Default,1,Default,Default,Default,Default,Default,Default,Default,Default,Default,1,Default,Normal_x1_Shared_x2,92.76 ms,1.775 ms,1.743 ms
CreateEntities,Job-FTOBUC,False,Default,Default,Default,Default,Default,Default,111111111111111111111111,Empty,LegacyJit,X86,8c5e7fda-e8bf-4a96-9a85-a6e23a8c635c,.NET Framework 4.8,False,True,False,True,Default,Default,False,False,False,Default,Default,Default,Default,Default,Default,Default,1,Default,Default,Default,Default,Default,Default,Default,Default,Default,1,Default,Normal_x1_Shared_x2,36.51 ms,0.726 ms,1.131 ms
CreateEntity_Reuse,Job-FTOBUC,False,Default,Default,Default,Default,Default,Default,111111111111111111111111,Empty,LegacyJit,X86,8c5e7fda-e8bf-4a96-9a85-a6e23a8c635c,.NET Framework 4.8,False,True,False,True,Default,Default,False,False,False,Default,Default,Default,Default,Default,Default,Default,1,Default,Default,Default,Default,Default,Default,Default,Default,Default,1,Default,Normal_x1_Shared_x2,69.84 ms,0.288 ms,0.255 ms
CreateEntities_Reuse,Job-FTOBUC,False,Default,Default,Default,Default,Default,Default,111111111111111111111111,Empty,LegacyJit,X86,8c5e7fda-e8bf-4a96-9a85-a6e23a8c635c,.NET Framework 4.8,False,True,False,True,Default,Default,False,False,False,Default,Default,Default,Default,Default,Default,Default,1,Default,Default,Default,Default,Default,Default,Default,Default,Default,1,Default,Normal_x1_Shared_x2,25.14 ms,0.491 ms,0.735 ms
DestroyEntity,Job-FTOBUC,False,Default,Default,Default,Default,Default,Default,111111111111111111111111,Empty,LegacyJit,X86,8c5e7fda-e8bf-4a96-9a85-a6e23a8c635c,.NET Framework 4.8,False,True,False,True,Default,Default,False,False,False,Default,Default,Default,Default,Default,Default,Default,1,Default,Default,Default,Default,Default,Default,Default,Default,Default,1,Default,Normal_x1_Shared_x2,50.00 ms,0.828 ms,0.734 ms
DestroyEntities,Job-FTOBUC,False,Default,Default,Default,Default,Default,Default,111111111111111111111111,Empty,LegacyJit,X86,8c5e7fda-e8bf-4a96-9a85-a6e23a8c635c,.NET Framework 4.8,False,True,False,True,Default,Default,False,False,False,Default,Default,Default,Default,Default,Default,Default,1,Default,Default,Default,Default,Default,Default,Default,Default,Default,1,Default,Normal_x1_Shared_x2,43.14 ms,0.650 ms,0.576 ms
DestroyEntity_Reuse,Job-FTOBUC,False,Default,Default,Default,Default,Default,Default,111111111111111111111111,Empty,LegacyJit,X86,8c5e7fda-e8bf-4a96-9a85-a6e23a8c635c,.NET Framework 4.8,False,True,False,True,Default,Default,False,False,False,Default,Default,Default,Default,Default,Default,Default,1,Default,Default,Default,Default,Default,Default,Default,Default,Default,1,Default,Normal_x1_Shared_x2,43.99 ms,0.170 ms,0.142 ms
DestroyEntities_Reuse,Job-FTOBUC,False,Default,Default,Default,Default,Default,Default,111111111111111111111111,Empty,LegacyJit,X86,8c5e7fda-e8bf-4a96-9a85-a6e23a8c635c,.NET Framework 4.8,False,True,False,True,Default,Default,False,False,False,Default,Default,Default,Default,Default,Default,Default,1,Default,Default,Default,Default,Default,Default,Default,Default,Default,1,Default,Normal_x1_Shared_x2,40.62 ms,0.128 ms,0.107 ms
UpdateComponent,Job-FTOBUC,False,Default,Default,Default,Default,Default,Default,111111111111111111111111,Empty,LegacyJit,X86,8c5e7fda-e8bf-4a96-9a85-a6e23a8c635c,.NET Framework 4.8,False,True,False,True,Default,Default,False,False,False,Default,Default,Default,Default,Default,Default,Default,1,Default,Default,Default,Default,Default,Default,Default,Default,Default,1,Default,Normal_x1_Shared_x2,"1,161.36 ms",8.176 ms,7.248 ms
CreateEntity,Job-FTOBUC,False,Default,Default,Default,Default,Default,Default,111111111111111111111111,Empty,LegacyJit,X86,8c5e7fda-e8bf-4a96-9a85-a6e23a8c635c,.NET Framework 4.8,False,True,False,True,Default,Default,False,False,False,Default,Default,Default,Default,Default,Default,Default,1,Default,Default,Default,Default,Default,Default,Default,Default,Default,1,Default,Normal_x2_Shared_x1,93.88 ms,1.808 ms,2.413 ms
CreateEntities,Job-FTOBUC,False,Default,Default,Default,Default,Default,Default,111111111111111111111111,Empty,LegacyJit,X86,8c5e7fda-e8bf-4a96-9a85-a6e23a8c635c,.NET Framework 4.8,False,True,False,True,Default,Default,False,False,False,Default,Default,Default,Default,Default,Default,Default,1,Default,Default,Default,Default,Default,Default,Default,Default,Default,1,Default,Normal_x2_Shared_x1,36.73 ms,0.728 ms,1.044 ms
CreateEntity_Reuse,Job-FTOBUC,False,Default,Default,Default,Default,Default,Default,111111111111111111111111,Empty,LegacyJit,X86,8c5e7fda-e8bf-4a96-9a85-a6e23a8c635c,.NET Framework 4.8,False,True,False,True,Default,Default,False,False,False,Default,Default,Default,Default,Default,Default,Default,1,Default,Default,Default,Default,Default,Default,Default,Default,Default,1,Default,Normal_x2_Shared_x1,72.01 ms,0.212 ms,0.188 ms
CreateEntities_Reuse,Job-FTOBUC,False,Default,Default,Default,Default,Default,Default,111111111111111111111111,Empty,LegacyJit,X86,8c5e7fda-e8bf-4a96-9a85-a6e23a8c635c,.NET Framework 4.8,False,True,False,True,Default,Default,False,False,False,Default,Default,Default,Default,Default,Default,Default,1,Default,Default,Default,Default,Default,Default,Default,Default,Default,1,Default,Normal_x2_Shared_x1,30.23 ms,0.584 ms,0.695 ms
DestroyEntity,Job-FTOBUC,False,Default,Default,Default,Default,Default,Default,111111111111111111111111,Empty,LegacyJit,X86,8c5e7fda-e8bf-4a96-9a85-a6e23a8c635c,.NET Framework 4.8,False,True,False,True,Default,Default,False,False,False,Default,Default,Default,Default,Default,Default,Default,1,Default,Default,Default,Default,Default,Default,Default,Default,Default,1,Default,Normal_x2_Shared_x1,50.16 ms,0.495 ms,0.387 ms
DestroyEntities,Job-FTOBUC,False,Default,Default,Default,Default,Default,Default,111111111111111111111111,Empty,LegacyJit,X86,8c5e7fda-e8bf-4a96-9a85-a6e23a8c635c,.NET Framework 4.8,False,True,False,True,Default,Default,False,False,False,Default,Default,Default,Default,Default,Default,Default,1,Default,Default,Default,Default,Default,Default,Default,Default,Default,1,Default,Normal_x2_Shared_x1,43.14 ms,0.710 ms,0.593 ms
DestroyEntity_Reuse,Job-FTOBUC,False,Default,Default,Default,Default,Default,Default,111111111111111111111111,Empty,LegacyJit,X86,8c5e7fda-e8bf-4a96-9a85-a6e23a8c635c,.NET Framework 4.8,False,True,False,True,Default,Default,False,False,False,Default,Default,Default,Default,Default,Default,Default,1,Default,Default,Default,Default,Default,Default,Default,Default,Default,1,Default,Normal_x2_Shared_x1,44.09 ms,0.221 ms,0.196 ms
DestroyEntities_Reuse,Job-FTOBUC,False,Default,Default,Default,Default,Default,Default,111111111111111111111111,Empty,LegacyJit,X86,8c5e7fda-e8bf-4a96-9a85-a6e23a8c635c,.NET Framework 4.8,False,True,False,True,Default,Default,False,False,False,Default,Default,Default,Default,Default,Default,Default,1,Default,Default,Default,Default,Default,Default,Default,Default,Default,1,Default,Normal_x2_Shared_x1,37.77 ms,0.718 ms,0.705 ms
UpdateComponent,Job-FTOBUC,False,Default,Default,Default,Default,Default,Default,111111111111111111111111,Empty,LegacyJit,X86,8c5e7fda-e8bf-4a96-9a85-a6e23a8c635c,.NET Framework 4.8,False,True,False,True,Default,Default,False,False,False,Default,Default,Default,Default,Default,Default,Default,1,Default,Default,Default,Default,Default,Default,Default,Default,Default,1,Default,Normal_x2_Shared_x1,650.24 ms,2.057 ms,1.823 ms
CreateEntity,Job-FTOBUC,False,Default,Default,Default,Default,Default,Default,111111111111111111111111,Empty,LegacyJit,X86,8c5e7fda-e8bf-4a96-9a85-a6e23a8c635c,.NET Framework 4.8,False,True,False,True,Default,Default,False,False,False,Default,Default,Default,Default,Default,Default,Default,1,Default,Default,Default,Default,Default,Default,Default,Default,Default,1,Default,Normal_x2_Shared_x2,102.43 ms,1.770 ms,1.817 ms
CreateEntities,Job-FTOBUC,False,Default,Default,Default,Default,Default,Default,111111111111111111111111,Empty,LegacyJit,X86,8c5e7fda-e8bf-4a96-9a85-a6e23a8c635c,.NET Framework 4.8,False,True,False,True,Default,Default,False,False,False,Default,Default,Default,Default,Default,Default,Default,1,Default,Default,Default,Default,Default,Default,Default,Default,Default,1,Default,Normal_x2_Shared_x2,31.42 ms,0.622 ms,0.786 ms
CreateEntity_Reuse,Job-FTOBUC,False,Default,Default,Default,Default,Default,Default,111111111111111111111111,Empty,LegacyJit,X86,8c5e7fda-e8bf-4a96-9a85-a6e23a8c635c,.NET Framework 4.8,False,True,False,True,Default,Default,False,False,False,Default,Default,Default,Default,Default,Default,Default,1,Default,Default,Default,Default,Default,Default,Default,Default,Default,1,Default,Normal_x2_Shared_x2,75.54 ms,0.276 ms,0.244 ms
CreateEntities_Reuse,Job-FTOBUC,False,Default,Default,Default,Default,Default,Default,111111111111111111111111,Empty,LegacyJit,X86,8c5e7fda-e8bf-4a96-9a85-a6e23a8c635c,.NET Framework 4.8,False,True,False,True,Default,Default,False,False,False,Default,Default,Default,Default,Default,Default,Default,1,Default,Default,Default,Default,Default,Default,Default,Default,Default,1,Default,Normal_x2_Shared_x2,30.17 ms,0.594 ms,0.730 ms
DestroyEntity,Job-FTOBUC,False,Default,Default,Default,Default,Default,Default,111111111111111111111111,Empty,LegacyJit,X86,8c5e7fda-e8bf-4a96-9a85-a6e23a8c635c,.NET Framework 4.8,False,True,False,True,Default,Default,False,False,False,Default,Default,Default,Default,Default,Default,Default,1,Default,Default,Default,Default,Default,Default,Default,Default,Default,1,Default,Normal_x2_Shared_x2,53.00 ms,0.791 ms,0.701 ms
DestroyEntities,Job-FTOBUC,False,Default,Default,Default,Default,Default,Default,111111111111111111111111,Empty,LegacyJit,X86,8c5e7fda-e8bf-4a96-9a85-a6e23a8c635c,.NET Framework 4.8,False,True,False,True,Default,Default,False,False,False,Default,Default,Default,Default,Default,Default,Default,1,Default,Default,Default,Default,Default,Default,Default,Default,Default,1,Default,Normal_x2_Shared_x2,55.88 ms,0.982 ms,0.871 ms
DestroyEntity_Reuse,Job-FTOBUC,False,Default,Default,Default,Default,Default,Default,111111111111111111111111,Empty,LegacyJit,X86,8c5e7fda-e8bf-4a96-9a85-a6e23a8c635c,.NET Framework 4.8,False,True,False,True,Default,Default,False,False,False,Default,Default,Default,Default,Default,Default,Default,1,Default,Default,Default,Default,Default,Default,Default,Default,Default,1,Default,Normal_x2_Shared_x2,45.91 ms,0.223 ms,0.198 ms
DestroyEntities_Reuse,Job-FTOBUC,False,Default,Default,Default,Default,Default,Default,111111111111111111111111,Empty,LegacyJit,X86,8c5e7fda-e8bf-4a96-9a85-a6e23a8c635c,.NET Framework 4.8,False,True,False,True,Default,Default,False,False,False,Default,Default,Default,Default,Default,Default,Default,1,Default,Default,Default,Default,Default,Default,Default,Default,Default,1,Default,Normal_x2_Shared_x2,38.73 ms,0.213 ms,0.178 ms
UpdateComponent,Job-FTOBUC,False,Default,Default,Default,Default,Default,Default,111111111111111111111111,Empty,LegacyJit,X86,8c5e7fda-e8bf-4a96-9a85-a6e23a8c635c,.NET Framework 4.8,False,True,False,True,Default,Default,False,False,False,Default,Default,Default,Default,Default,Default,Default,1,Default,Default,Default,Default,Default,Default,Default,Default,Default,1,Default,Normal_x2_Shared_x2,"1,312.12 ms",5.779 ms,5.123 ms
