Type,Method,Job,AnalyzeLaunchVariance,EvaluateOverhead,MaxAbsoluteError,MaxRelativeError,MinInvokeCount,MinIterationTime,OutlierMode,Affinity,EnvironmentVariables,Jit,Platform,PowerPlanMode,Runtime,AllowVeryLargeObjects,Concurrent,CpuGroups,Force,HeapAffinitizeMask,HeapCount,NoAffinitize,RetainVm,Server,Arguments,BuildConfiguration,Clock,EngineFactory,NuGetReferences,Toolchain,IsMutator,InvocationCount,IterationCount,IterationTime,LaunchCount,MaxIterationCount,MaxWarmupIterationCount,MemoryRandomization,MinIterationCount,MinWarmupIterationCount,RunStrategy,UnrollFactor,WarmupCount,CompArr,Mean,Error,StdDev
EcsContext_CreateEntity,CreateEntities,Job-FTOBUC,False,Default,Default,Default,Default,Default,Default,111111111111111111111111,Empty,LegacyJit,X86,8c5e7fda-e8bf-4a96-9a85-a6e23a8c635c,.NET Framework 4.8,False,True,False,True,Default,Default,False,False,False,Default,Default,Default,Default,Default,Default,Default,1,Default,Default,Default,Default,Default,Default,Default,Default,Default,1,Default,Normal_x1,"30,443,807.1 ns","320,098.42 ns","283,758.9 ns"
EcsContext_CreateEntity,CreateEntities,Job-FTOBUC,False,Default,Default,Default,Default,Default,Default,111111111111111111111111,Empty,LegacyJit,X86,8c5e7fda-e8bf-4a96-9a85-a6e23a8c635c,.NET Framework 4.8,False,True,False,True,Default,Default,False,False,False,Default,Default,Default,Default,Default,Default,Default,1,Default,Default,Default,Default,Default,Default,Default,Default,Default,1,Default,Normal_x2,"26,663,500.0 ns","191,582.53 ns","169,832.9 ns"
EcsContext_CreateEntity,CreateEntities,Job-FTOBUC,False,Default,Default,Default,Default,Default,Default,111111111111111111111111,Empty,LegacyJit,X86,8c5e7fda-e8bf-4a96-9a85-a6e23a8c635c,.NET Framework 4.8,False,True,False,True,Default,Default,False,False,False,Default,Default,Default,Default,Default,Default,Default,1,Default,Default,Default,Default,Default,Default,Default,Default,Default,1,Default,Shared_x1,"25,713,553.8 ns","155,019.61 ns","129,448.4 ns"
EcsContext_CreateEntity,CreateEntities,Job-FTOBUC,False,Default,Default,Default,Default,Default,Default,111111111111111111111111,Empty,LegacyJit,X86,8c5e7fda-e8bf-4a96-9a85-a6e23a8c635c,.NET Framework 4.8,False,True,False,True,Default,Default,False,False,False,Default,Default,Default,Default,Default,Default,Default,1,Default,Default,Default,Default,Default,Default,Default,Default,Default,1,Default,Shared_x2,"30,869,385.7 ns","292,983.15 ns","259,721.9 ns"
EcsContext_CreateEntity,CreateEntities,Job-FTOBUC,False,Default,Default,Default,Default,Default,Default,111111111111111111111111,Empty,LegacyJit,X86,8c5e7fda-e8bf-4a96-9a85-a6e23a8c635c,.NET Framework 4.8,False,True,False,True,Default,Default,False,False,False,Default,Default,Default,Default,Default,Default,Default,1,Default,Default,Default,Default,Default,Default,Default,Default,Default,1,Default,Normal_x1_Shared_x1,"26,269,540.0 ns","174,268.56 ns","163,010.9 ns"
EcsContext_CreateEntity,CreateEntities,Job-FTOBUC,False,Default,Default,Default,Default,Default,Default,111111111111111111111111,Empty,LegacyJit,X86,8c5e7fda-e8bf-4a96-9a85-a6e23a8c635c,.NET Framework 4.8,False,True,False,True,Default,Default,False,False,False,Default,Default,Default,Default,Default,Default,Default,1,Default,Default,Default,Default,Default,Default,Default,Default,Default,1,Default,Normal_x1_Shared_x2,"31,662,985.7 ns","233,947.18 ns","207,388.1 ns"
EcsContext_CreateEntity,CreateEntities,Job-FTOBUC,False,Default,Default,Default,Default,Default,Default,111111111111111111111111,Empty,LegacyJit,X86,8c5e7fda-e8bf-4a96-9a85-a6e23a8c635c,.NET Framework 4.8,False,True,False,True,Default,Default,False,False,False,Default,Default,Default,Default,Default,Default,Default,1,Default,Default,Default,Default,Default,Default,Default,Default,Default,1,Default,Normal_x2_Shared_x1,"32,285,768.4 ns","629,461.46 ns","699,644.7 ns"
EcsContext_CreateEntity,CreateEntities,Job-FTOBUC,False,Default,Default,Default,Default,Default,Default,111111111111111111111111,Empty,LegacyJit,X86,8c5e7fda-e8bf-4a96-9a85-a6e23a8c635c,.NET Framework 4.8,False,True,False,True,Default,Default,False,False,False,Default,Default,Default,Default,Default,Default,Default,1,Default,Default,Default,Default,Default,Default,Default,Default,Default,1,Default,Normal_x2_Shared_x2,"31,984,661.5 ns","237,243.70 ns","198,109.2 ns"
EcsContext_CreateEntity,CreateEntities_Reuse,Job-FTOBUC,False,Default,Default,Default,Default,Default,Default,111111111111111111111111,Empty,LegacyJit,X86,8c5e7fda-e8bf-4a96-9a85-a6e23a8c635c,.NET Framework 4.8,False,True,False,True,Default,Default,False,False,False,Default,Default,Default,Default,Default,Default,Default,1,Default,Default,Default,Default,Default,Default,Default,Default,Default,1,Default,Normal_x1,"24,091,745.5 ns","477,981.19 ns","587,003.8 ns"
EcsContext_CreateEntity,CreateEntities_Reuse,Job-FTOBUC,False,Default,Default,Default,Default,Default,Default,111111111111111111111111,Empty,LegacyJit,X86,8c5e7fda-e8bf-4a96-9a85-a6e23a8c635c,.NET Framework 4.8,False,True,False,True,Default,Default,False,False,False,Default,Default,Default,Default,Default,Default,Default,1,Default,Default,Default,Default,Default,Default,Default,Default,Default,1,Default,Normal_x2,"29,306,626.7 ns","585,825.56 ns","547,981.6 ns"
EcsContext_CreateEntity,CreateEntities_Reuse,Job-FTOBUC,False,Default,Default,Default,Default,Default,Default,111111111111111111111111,Empty,LegacyJit,X86,8c5e7fda-e8bf-4a96-9a85-a6e23a8c635c,.NET Framework 4.8,False,True,False,True,Default,Default,False,False,False,Default,Default,Default,Default,Default,Default,Default,1,Default,Default,Default,Default,Default,Default,Default,Default,Default,1,Default,Shared_x1,"28,560,589.5 ns","544,634.69 ns","605,360.0 ns"
EcsContext_CreateEntity,CreateEntities_Reuse,Job-FTOBUC,False,Default,Default,Default,Default,Default,Default,111111111111111111111111,Empty,LegacyJit,X86,8c5e7fda-e8bf-4a96-9a85-a6e23a8c635c,.NET Framework 4.8,False,True,False,True,Default,Default,False,False,False,Default,Default,Default,Default,Default,Default,Default,1,Default,Default,Default,Default,Default,Default,Default,Default,Default,1,Default,Shared_x2,"29,249,062.5 ns","572,157.48 ns","561,935.2 ns"
EcsContext_CreateEntity,CreateEntities_Reuse,Job-FTOBUC,False,Default,Default,Default,Default,Default,Default,111111111111111111111111,Empty,LegacyJit,X86,8c5e7fda-e8bf-4a96-9a85-a6e23a8c635c,.NET Framework 4.8,False,True,False,True,Default,Default,False,False,False,Default,Default,Default,Default,Default,Default,Default,1,Default,Default,Default,Default,Default,Default,Default,Default,Default,1,Default,Normal_x1_Shared_x1,"29,481,033.3 ns","580,433.36 ns","621,057.2 ns"
EcsContext_CreateEntity,CreateEntities_Reuse,Job-FTOBUC,False,Default,Default,Default,Default,Default,Default,111111111111111111111111,Empty,LegacyJit,X86,8c5e7fda-e8bf-4a96-9a85-a6e23a8c635c,.NET Framework 4.8,False,True,False,True,Default,Default,False,False,False,Default,Default,Default,Default,Default,Default,Default,1,Default,Default,Default,Default,Default,Default,Default,Default,Default,1,Default,Normal_x1_Shared_x2,"29,607,365.0 ns","584,309.54 ns","672,891.7 ns"
EcsContext_CreateEntity,CreateEntities_Reuse,Job-FTOBUC,False,Default,Default,Default,Default,Default,Default,111111111111111111111111,Empty,LegacyJit,X86,8c5e7fda-e8bf-4a96-9a85-a6e23a8c635c,.NET Framework 4.8,False,True,False,True,Default,Default,False,False,False,Default,Default,Default,Default,Default,Default,Default,1,Default,Default,Default,Default,Default,Default,Default,Default,Default,1,Default,Normal_x2_Shared_x1,"29,747,250.0 ns","587,546.24 ns","676,619.1 ns"
EcsContext_CreateEntity,CreateEntities_Reuse,Job-FTOBUC,False,Default,Default,Default,Default,Default,Default,111111111111111111111111,Empty,LegacyJit,X86,8c5e7fda-e8bf-4a96-9a85-a6e23a8c635c,.NET Framework 4.8,False,True,False,True,Default,Default,False,False,False,Default,Default,Default,Default,Default,Default,Default,1,Default,Default,Default,Default,Default,Default,Default,Default,Default,1,Default,Normal_x2_Shared_x2,"29,436,731.3 ns","571,127.29 ns","560,923.4 ns"
EcsContext_CreateEntity,CreateEntity,Job-FTOBUC,False,Default,Default,Default,Default,Default,Default,111111111111111111111111,Empty,LegacyJit,X86,8c5e7fda-e8bf-4a96-9a85-a6e23a8c635c,.NET Framework 4.8,False,True,False,True,Default,Default,False,False,False,Default,Default,Default,Default,Default,Default,Default,1,Default,Default,Default,Default,Default,Default,Default,Default,Default,1,Default,Normal_x1,"80,122,091.7 ns","460,822.52 ns","359,779.9 ns"
EcsContext_CreateEntity,CreateEntity,Job-FTOBUC,False,Default,Default,Default,Default,Default,Default,111111111111111111111111,Empty,LegacyJit,X86,8c5e7fda-e8bf-4a96-9a85-a6e23a8c635c,.NET Framework 4.8,False,True,False,True,Default,Default,False,False,False,Default,Default,Default,Default,Default,Default,Default,1,Default,Default,Default,Default,Default,Default,Default,Default,Default,1,Default,Normal_x2,"92,528,444.4 ns","1,208,579.71 ns","1,293,166.8 ns"
EcsContext_CreateEntity,CreateEntity,Job-FTOBUC,False,Default,Default,Default,Default,Default,Default,111111111111111111111111,Empty,LegacyJit,X86,8c5e7fda-e8bf-4a96-9a85-a6e23a8c635c,.NET Framework 4.8,False,True,False,True,Default,Default,False,False,False,Default,Default,Default,Default,Default,Default,Default,1,Default,Default,Default,Default,Default,Default,Default,Default,Default,1,Default,Shared_x1,"80,973,092.9 ns","1,262,760.43 ns","1,119,404.2 ns"
EcsContext_CreateEntity,CreateEntity,Job-FTOBUC,False,Default,Default,Default,Default,Default,Default,111111111111111111111111,Empty,LegacyJit,X86,8c5e7fda-e8bf-4a96-9a85-a6e23a8c635c,.NET Framework 4.8,False,True,False,True,Default,Default,False,False,False,Default,Default,Default,Default,Default,Default,Default,1,Default,Default,Default,Default,Default,Default,Default,Default,Default,1,Default,Shared_x2,"91,004,450.0 ns","354,894.80 ns","314,605.0 ns"
EcsContext_CreateEntity,CreateEntity,Job-FTOBUC,False,Default,Default,Default,Default,Default,Default,111111111111111111111111,Empty,LegacyJit,X86,8c5e7fda-e8bf-4a96-9a85-a6e23a8c635c,.NET Framework 4.8,False,True,False,True,Default,Default,False,False,False,Default,Default,Default,Default,Default,Default,Default,1,Default,Default,Default,Default,Default,Default,Default,Default,Default,1,Default,Normal_x1_Shared_x1,"90,718,820.0 ns","869,358.26 ns","813,198.3 ns"
EcsContext_CreateEntity,CreateEntity,Job-FTOBUC,False,Default,Default,Default,Default,Default,Default,111111111111111111111111,Empty,LegacyJit,X86,8c5e7fda-e8bf-4a96-9a85-a6e23a8c635c,.NET Framework 4.8,False,True,False,True,Default,Default,False,False,False,Default,Default,Default,Default,Default,Default,Default,1,Default,Default,Default,Default,Default,Default,Default,Default,Default,1,Default,Normal_x1_Shared_x2,"98,006,920.0 ns","780,920.08 ns","730,473.1 ns"
EcsContext_CreateEntity,CreateEntity,Job-FTOBUC,False,Default,Default,Default,Default,Default,Default,111111111111111111111111,Empty,LegacyJit,X86,8c5e7fda-e8bf-4a96-9a85-a6e23a8c635c,.NET Framework 4.8,False,True,False,True,Default,Default,False,False,False,Default,Default,Default,Default,Default,Default,Default,1,Default,Default,Default,Default,Default,Default,Default,Default,Default,1,Default,Normal_x2_Shared_x1,"98,132,613.3 ns","965,917.60 ns","903,519.9 ns"
EcsContext_CreateEntity,CreateEntity,Job-FTOBUC,False,Default,Default,Default,Default,Default,Default,111111111111111111111111,Empty,LegacyJit,X86,8c5e7fda-e8bf-4a96-9a85-a6e23a8c635c,.NET Framework 4.8,False,True,False,True,Default,Default,False,False,False,Default,Default,Default,Default,Default,Default,Default,1,Default,Default,Default,Default,Default,Default,Default,Default,Default,1,Default,Normal_x2_Shared_x2,"106,121,753.3 ns","866,311.05 ns","810,347.9 ns"
EcsContext_CreateEntity,CreateEntity_Reuse,Job-FTOBUC,False,Default,Default,Default,Default,Default,Default,111111111111111111111111,Empty,LegacyJit,X86,8c5e7fda-e8bf-4a96-9a85-a6e23a8c635c,.NET Framework 4.8,False,True,False,True,Default,Default,False,False,False,Default,Default,Default,Default,Default,Default,Default,1,Default,Default,Default,Default,Default,Default,Default,Default,Default,1,Default,Normal_x1,"69,439,186.7 ns","575,122.98 ns","537,970.4 ns"
EcsContext_CreateEntity,CreateEntity_Reuse,Job-FTOBUC,False,Default,Default,Default,Default,Default,Default,111111111111111111111111,Empty,LegacyJit,X86,8c5e7fda-e8bf-4a96-9a85-a6e23a8c635c,.NET Framework 4.8,False,True,False,True,Default,Default,False,False,False,Default,Default,Default,Default,Default,Default,Default,1,Default,Default,Default,Default,Default,Default,Default,Default,Default,1,Default,Normal_x2,"77,666,478.6 ns","193,744.85 ns","171,749.8 ns"
EcsContext_CreateEntity,CreateEntity_Reuse,Job-FTOBUC,False,Default,Default,Default,Default,Default,Default,111111111111111111111111,Empty,LegacyJit,X86,8c5e7fda-e8bf-4a96-9a85-a6e23a8c635c,.NET Framework 4.8,False,True,False,True,Default,Default,False,False,False,Default,Default,Default,Default,Default,Default,Default,1,Default,Default,Default,Default,Default,Default,Default,Default,Default,1,Default,Shared_x1,"71,072,593.3 ns","538,301.22 ns","503,527.3 ns"
EcsContext_CreateEntity,CreateEntity_Reuse,Job-FTOBUC,False,Default,Default,Default,Default,Default,Default,111111111111111111111111,Empty,LegacyJit,X86,8c5e7fda-e8bf-4a96-9a85-a6e23a8c635c,.NET Framework 4.8,False,True,False,True,Default,Default,False,False,False,Default,Default,Default,Default,Default,Default,Default,1,Default,Default,Default,Default,Default,Default,Default,Default,Default,1,Default,Shared_x2,"77,935,846.7 ns","238,632.13 ns","223,216.6 ns"
EcsContext_CreateEntity,CreateEntity_Reuse,Job-FTOBUC,False,Default,Default,Default,Default,Default,Default,111111111111111111111111,Empty,LegacyJit,X86,8c5e7fda-e8bf-4a96-9a85-a6e23a8c635c,.NET Framework 4.8,False,True,False,True,Default,Default,False,False,False,Default,Default,Default,Default,Default,Default,Default,1,Default,Default,Default,Default,Default,Default,Default,Default,Default,1,Default,Normal_x1_Shared_x1,"78,474,860.0 ns","268,234.82 ns","250,907.0 ns"
EcsContext_CreateEntity,CreateEntity_Reuse,Job-FTOBUC,False,Default,Default,Default,Default,Default,Default,111111111111111111111111,Empty,LegacyJit,X86,8c5e7fda-e8bf-4a96-9a85-a6e23a8c635c,.NET Framework 4.8,False,True,False,True,Default,Default,False,False,False,Default,Default,Default,Default,Default,Default,Default,1,Default,Default,Default,Default,Default,Default,Default,Default,Default,1,Default,Normal_x1_Shared_x2,"83,418,320.0 ns","256,093.84 ns","239,550.3 ns"
EcsContext_CreateEntity,CreateEntity_Reuse,Job-FTOBUC,False,Default,Default,Default,Default,Default,Default,111111111111111111111111,Empty,LegacyJit,X86,8c5e7fda-e8bf-4a96-9a85-a6e23a8c635c,.NET Framework 4.8,False,True,False,True,Default,Default,False,False,False,Default,Default,Default,Default,Default,Default,Default,1,Default,Default,Default,Default,Default,Default,Default,Default,Default,1,Default,Normal_x2_Shared_x1,"84,020,113.3 ns","355,356.10 ns","332,400.3 ns"
EcsContext_CreateEntity,CreateEntity_Reuse,Job-FTOBUC,False,Default,Default,Default,Default,Default,Default,111111111111111111111111,Empty,LegacyJit,X86,8c5e7fda-e8bf-4a96-9a85-a6e23a8c635c,.NET Framework 4.8,False,True,False,True,Default,Default,False,False,False,Default,Default,Default,Default,Default,Default,Default,1,Default,Default,Default,Default,Default,Default,Default,Default,Default,1,Default,Normal_x2_Shared_x2,"88,133,700.0 ns","222,496.52 ns","197,237.4 ns"
EcsContext_CreateEntity,DestroyEntities,Job-FTOBUC,False,Default,Default,Default,Default,Default,Default,111111111111111111111111,Empty,LegacyJit,X86,8c5e7fda-e8bf-4a96-9a85-a6e23a8c635c,.NET Framework 4.8,False,True,False,True,Default,Default,False,False,False,Default,Default,Default,Default,Default,Default,Default,1,Default,Default,Default,Default,Default,Default,Default,Default,Default,1,Default,Normal_x1,"37,873,683.3 ns","177,226.29 ns","138,366.6 ns"
EcsContext_CreateEntity,DestroyEntities,Job-FTOBUC,False,Default,Default,Default,Default,Default,Default,111111111111111111111111,Empty,LegacyJit,X86,8c5e7fda-e8bf-4a96-9a85-a6e23a8c635c,.NET Framework 4.8,False,True,False,True,Default,Default,False,False,False,Default,Default,Default,Default,Default,Default,Default,1,Default,Default,Default,Default,Default,Default,Default,Default,Default,1,Default,Normal_x2,"39,670,384.6 ns","342,259.71 ns","285,802.4 ns"
EcsContext_CreateEntity,DestroyEntities,Job-FTOBUC,False,Default,Default,Default,Default,Default,Default,111111111111111111111111,Empty,LegacyJit,X86,8c5e7fda-e8bf-4a96-9a85-a6e23a8c635c,.NET Framework 4.8,False,True,False,True,Default,Default,False,False,False,Default,Default,Default,Default,Default,Default,Default,1,Default,Default,Default,Default,Default,Default,Default,Default,Default,1,Default,Shared_x1,"38,328,478.6 ns","558,020.69 ns","494,670.8 ns"
EcsContext_CreateEntity,DestroyEntities,Job-FTOBUC,False,Default,Default,Default,Default,Default,Default,111111111111111111111111,Empty,LegacyJit,X86,8c5e7fda-e8bf-4a96-9a85-a6e23a8c635c,.NET Framework 4.8,False,True,False,True,Default,Default,False,False,False,Default,Default,Default,Default,Default,Default,Default,1,Default,Default,Default,Default,Default,Default,Default,Default,Default,1,Default,Shared_x2,"39,598,585.7 ns","206,457.83 ns","183,019.5 ns"
EcsContext_CreateEntity,DestroyEntities,Job-FTOBUC,False,Default,Default,Default,Default,Default,Default,111111111111111111111111,Empty,LegacyJit,X86,8c5e7fda-e8bf-4a96-9a85-a6e23a8c635c,.NET Framework 4.8,False,True,False,True,Default,Default,False,False,False,Default,Default,Default,Default,Default,Default,Default,1,Default,Default,Default,Default,Default,Default,Default,Default,Default,1,Default,Normal_x1_Shared_x1,"39,627,892.9 ns","196,912.97 ns","174,558.2 ns"
EcsContext_CreateEntity,DestroyEntities,Job-FTOBUC,False,Default,Default,Default,Default,Default,Default,111111111111111111111111,Empty,LegacyJit,X86,8c5e7fda-e8bf-4a96-9a85-a6e23a8c635c,.NET Framework 4.8,False,True,False,True,Default,Default,False,False,False,Default,Default,Default,Default,Default,Default,Default,1,Default,Default,Default,Default,Default,Default,Default,Default,Default,1,Default,Normal_x1_Shared_x2,"41,022,446.2 ns","116,010.32 ns","96,873.9 ns"
EcsContext_CreateEntity,DestroyEntities,Job-FTOBUC,False,Default,Default,Default,Default,Default,Default,111111111111111111111111,Empty,LegacyJit,X86,8c5e7fda-e8bf-4a96-9a85-a6e23a8c635c,.NET Framework 4.8,False,True,False,True,Default,Default,False,False,False,Default,Default,Default,Default,Default,Default,Default,1,Default,Default,Default,Default,Default,Default,Default,Default,Default,1,Default,Normal_x2_Shared_x1,"41,186,773.3 ns","277,233.25 ns","259,324.2 ns"
EcsContext_CreateEntity,DestroyEntities,Job-FTOBUC,False,Default,Default,Default,Default,Default,Default,111111111111111111111111,Empty,LegacyJit,X86,8c5e7fda-e8bf-4a96-9a85-a6e23a8c635c,.NET Framework 4.8,False,True,False,True,Default,Default,False,False,False,Default,Default,Default,Default,Default,Default,Default,1,Default,Default,Default,Default,Default,Default,Default,Default,Default,1,Default,Normal_x2_Shared_x2,"42,500,173.3 ns","277,553.49 ns","259,623.7 ns"
EcsContext_CreateEntity,DestroyEntities_Reuse,Job-FTOBUC,False,Default,Default,Default,Default,Default,Default,111111111111111111111111,Empty,LegacyJit,X86,8c5e7fda-e8bf-4a96-9a85-a6e23a8c635c,.NET Framework 4.8,False,True,False,True,Default,Default,False,False,False,Default,Default,Default,Default,Default,Default,Default,1,Default,Default,Default,Default,Default,Default,Default,Default,Default,1,Default,Normal_x1,"34,009,686.7 ns","389,277.17 ns","364,130.1 ns"
EcsContext_CreateEntity,DestroyEntities_Reuse,Job-FTOBUC,False,Default,Default,Default,Default,Default,Default,111111111111111111111111,Empty,LegacyJit,X86,8c5e7fda-e8bf-4a96-9a85-a6e23a8c635c,.NET Framework 4.8,False,True,False,True,Default,Default,False,False,False,Default,Default,Default,Default,Default,Default,Default,1,Default,Default,Default,Default,Default,Default,Default,Default,Default,1,Default,Normal_x2,"35,931,766.7 ns","247,575.60 ns","231,582.4 ns"
EcsContext_CreateEntity,DestroyEntities_Reuse,Job-FTOBUC,False,Default,Default,Default,Default,Default,Default,111111111111111111111111,Empty,LegacyJit,X86,8c5e7fda-e8bf-4a96-9a85-a6e23a8c635c,.NET Framework 4.8,False,True,False,True,Default,Default,False,False,False,Default,Default,Default,Default,Default,Default,Default,1,Default,Default,Default,Default,Default,Default,Default,Default,Default,1,Default,Shared_x1,"33,777,350.0 ns","114,260.39 ns","101,288.9 ns"
EcsContext_CreateEntity,DestroyEntities_Reuse,Job-FTOBUC,False,Default,Default,Default,Default,Default,Default,111111111111111111111111,Empty,LegacyJit,X86,8c5e7fda-e8bf-4a96-9a85-a6e23a8c635c,.NET Framework 4.8,False,True,False,True,Default,Default,False,False,False,Default,Default,Default,Default,Default,Default,Default,1,Default,Default,Default,Default,Default,Default,Default,Default,Default,1,Default,Shared_x2,"35,720,146.2 ns","127,712.42 ns","106,645.7 ns"
EcsContext_CreateEntity,DestroyEntities_Reuse,Job-FTOBUC,False,Default,Default,Default,Default,Default,Default,111111111111111111111111,Empty,LegacyJit,X86,8c5e7fda-e8bf-4a96-9a85-a6e23a8c635c,.NET Framework 4.8,False,True,False,True,Default,Default,False,False,False,Default,Default,Default,Default,Default,Default,Default,1,Default,Default,Default,Default,Default,Default,Default,Default,Default,1,Default,Normal_x1_Shared_x1,"35,636,646.2 ns","116,898.90 ns","97,615.9 ns"
EcsContext_CreateEntity,DestroyEntities_Reuse,Job-FTOBUC,False,Default,Default,Default,Default,Default,Default,111111111111111111111111,Empty,LegacyJit,X86,8c5e7fda-e8bf-4a96-9a85-a6e23a8c635c,.NET Framework 4.8,False,True,False,True,Default,Default,False,False,False,Default,Default,Default,Default,Default,Default,Default,1,Default,Default,Default,Default,Default,Default,Default,Default,Default,1,Default,Normal_x1_Shared_x2,"37,074,020.0 ns","127,503.63 ns","119,267.0 ns"
EcsContext_CreateEntity,DestroyEntities_Reuse,Job-FTOBUC,False,Default,Default,Default,Default,Default,Default,111111111111111111111111,Empty,LegacyJit,X86,8c5e7fda-e8bf-4a96-9a85-a6e23a8c635c,.NET Framework 4.8,False,True,False,True,Default,Default,False,False,False,Default,Default,Default,Default,Default,Default,Default,1,Default,Default,Default,Default,Default,Default,Default,Default,Default,1,Default,Normal_x2_Shared_x1,"36,913,264.3 ns","89,331.82 ns","79,190.3 ns"
EcsContext_CreateEntity,DestroyEntities_Reuse,Job-FTOBUC,False,Default,Default,Default,Default,Default,Default,111111111111111111111111,Empty,LegacyJit,X86,8c5e7fda-e8bf-4a96-9a85-a6e23a8c635c,.NET Framework 4.8,False,True,False,True,Default,Default,False,False,False,Default,Default,Default,Default,Default,Default,Default,1,Default,Default,Default,Default,Default,Default,Default,Default,Default,1,Default,Normal_x2_Shared_x2,"38,288,385.7 ns","304,978.52 ns","270,355.5 ns"
EcsContext_CreateEntity,DestroyEntity,Job-FTOBUC,False,Default,Default,Default,Default,Default,Default,111111111111111111111111,Empty,LegacyJit,X86,8c5e7fda-e8bf-4a96-9a85-a6e23a8c635c,.NET Framework 4.8,False,True,False,True,Default,Default,False,False,False,Default,Default,Default,Default,Default,Default,Default,1,Default,Default,Default,Default,Default,Default,Default,Default,Default,1,Default,Normal_x1,"42,373,757.1 ns","453,080.40 ns","401,644.0 ns"
EcsContext_CreateEntity,DestroyEntity,Job-FTOBUC,False,Default,Default,Default,Default,Default,Default,111111111111111111111111,Empty,LegacyJit,X86,8c5e7fda-e8bf-4a96-9a85-a6e23a8c635c,.NET Framework 4.8,False,True,False,True,Default,Default,False,False,False,Default,Default,Default,Default,Default,Default,Default,1,Default,Default,Default,Default,Default,Default,Default,Default,Default,1,Default,Normal_x2,"44,361,785.7 ns","402,623.23 ns","356,915.0 ns"
EcsContext_CreateEntity,DestroyEntity,Job-FTOBUC,False,Default,Default,Default,Default,Default,Default,111111111111111111111111,Empty,LegacyJit,X86,8c5e7fda-e8bf-4a96-9a85-a6e23a8c635c,.NET Framework 4.8,False,True,False,True,Default,Default,False,False,False,Default,Default,Default,Default,Default,Default,Default,1,Default,Default,Default,Default,Default,Default,Default,Default,Default,1,Default,Shared_x1,"42,121,286.7 ns","196,623.52 ns","183,921.8 ns"
EcsContext_CreateEntity,DestroyEntity,Job-FTOBUC,False,Default,Default,Default,Default,Default,Default,111111111111111111111111,Empty,LegacyJit,X86,8c5e7fda-e8bf-4a96-9a85-a6e23a8c635c,.NET Framework 4.8,False,True,False,True,Default,Default,False,False,False,Default,Default,Default,Default,Default,Default,Default,1,Default,Default,Default,Default,Default,Default,Default,Default,Default,1,Default,Shared_x2,"44,436,885.7 ns","192,195.86 ns","170,376.6 ns"
EcsContext_CreateEntity,DestroyEntity,Job-FTOBUC,False,Default,Default,Default,Default,Default,Default,111111111111111111111111,Empty,LegacyJit,X86,8c5e7fda-e8bf-4a96-9a85-a6e23a8c635c,.NET Framework 4.8,False,True,False,True,Default,Default,False,False,False,Default,Default,Default,Default,Default,Default,Default,1,Default,Default,Default,Default,Default,Default,Default,Default,Default,1,Default,Normal_x1_Shared_x1,"44,445,778.6 ns","235,589.53 ns","208,844.0 ns"
EcsContext_CreateEntity,DestroyEntity,Job-FTOBUC,False,Default,Default,Default,Default,Default,Default,111111111111111111111111,Empty,LegacyJit,X86,8c5e7fda-e8bf-4a96-9a85-a6e23a8c635c,.NET Framework 4.8,False,True,False,True,Default,Default,False,False,False,Default,Default,Default,Default,Default,Default,Default,1,Default,Default,Default,Default,Default,Default,Default,Default,Default,1,Default,Normal_x1_Shared_x2,"46,194,066.7 ns","362,100.28 ns","338,708.8 ns"
EcsContext_CreateEntity,DestroyEntity,Job-FTOBUC,False,Default,Default,Default,Default,Default,Default,111111111111111111111111,Empty,LegacyJit,X86,8c5e7fda-e8bf-4a96-9a85-a6e23a8c635c,.NET Framework 4.8,False,True,False,True,Default,Default,False,False,False,Default,Default,Default,Default,Default,Default,Default,1,Default,Default,Default,Default,Default,Default,Default,Default,Default,1,Default,Normal_x2_Shared_x1,"46,373,785.7 ns","189,635.99 ns","168,107.4 ns"
EcsContext_CreateEntity,DestroyEntity,Job-FTOBUC,False,Default,Default,Default,Default,Default,Default,111111111111111111111111,Empty,LegacyJit,X86,8c5e7fda-e8bf-4a96-9a85-a6e23a8c635c,.NET Framework 4.8,False,True,False,True,Default,Default,False,False,False,Default,Default,Default,Default,Default,Default,Default,1,Default,Default,Default,Default,Default,Default,Default,Default,Default,1,Default,Normal_x2_Shared_x2,"47,258,164.3 ns","149,664.20 ns","132,673.4 ns"
EcsContext_CreateEntity,DestroyEntity_Reuse,Job-FTOBUC,False,Default,Default,Default,Default,Default,Default,111111111111111111111111,Empty,LegacyJit,X86,8c5e7fda-e8bf-4a96-9a85-a6e23a8c635c,.NET Framework 4.8,False,True,False,True,Default,Default,False,False,False,Default,Default,Default,Default,Default,Default,Default,1,Default,Default,Default,Default,Default,Default,Default,Default,Default,1,Default,Normal_x1,"38,077,164.3 ns","185,912.57 ns","164,806.6 ns"
EcsContext_CreateEntity,DestroyEntity_Reuse,Job-FTOBUC,False,Default,Default,Default,Default,Default,Default,111111111111111111111111,Empty,LegacyJit,X86,8c5e7fda-e8bf-4a96-9a85-a6e23a8c635c,.NET Framework 4.8,False,True,False,True,Default,Default,False,False,False,Default,Default,Default,Default,Default,Default,Default,1,Default,Default,Default,Default,Default,Default,Default,Default,Default,1,Default,Normal_x2,"40,339,525.0 ns","204,287.90 ns","159,494.6 ns"
EcsContext_CreateEntity,DestroyEntity_Reuse,Job-FTOBUC,False,Default,Default,Default,Default,Default,Default,111111111111111111111111,Empty,LegacyJit,X86,8c5e7fda-e8bf-4a96-9a85-a6e23a8c635c,.NET Framework 4.8,False,True,False,True,Default,Default,False,False,False,Default,Default,Default,Default,Default,Default,Default,1,Default,Default,Default,Default,Default,Default,Default,Default,Default,1,Default,Shared_x1,"38,143,835.7 ns","120,592.87 ns","106,902.4 ns"
EcsContext_CreateEntity,DestroyEntity_Reuse,Job-FTOBUC,False,Default,Default,Default,Default,Default,Default,111111111111111111111111,Empty,LegacyJit,X86,8c5e7fda-e8bf-4a96-9a85-a6e23a8c635c,.NET Framework 4.8,False,True,False,True,Default,Default,False,False,False,Default,Default,Default,Default,Default,Default,Default,1,Default,Default,Default,Default,Default,Default,Default,Default,Default,1,Default,Shared_x2,"40,386,842.9 ns","139,341.39 ns","123,522.5 ns"
EcsContext_CreateEntity,DestroyEntity_Reuse,Job-FTOBUC,False,Default,Default,Default,Default,Default,Default,111111111111111111111111,Empty,LegacyJit,X86,8c5e7fda-e8bf-4a96-9a85-a6e23a8c635c,.NET Framework 4.8,False,True,False,True,Default,Default,False,False,False,Default,Default,Default,Default,Default,Default,Default,1,Default,Default,Default,Default,Default,Default,Default,Default,Default,1,Default,Normal_x1_Shared_x1,"40,464,250.0 ns","157,069.07 ns","139,237.6 ns"
EcsContext_CreateEntity,DestroyEntity_Reuse,Job-FTOBUC,False,Default,Default,Default,Default,Default,Default,111111111111111111111111,Empty,LegacyJit,X86,8c5e7fda-e8bf-4a96-9a85-a6e23a8c635c,.NET Framework 4.8,False,True,False,True,Default,Default,False,False,False,Default,Default,Default,Default,Default,Default,Default,1,Default,Default,Default,Default,Default,Default,Default,Default,Default,1,Default,Normal_x1_Shared_x2,"43,312,707.1 ns","747,407.46 ns","662,557.2 ns"
EcsContext_CreateEntity,DestroyEntity_Reuse,Job-FTOBUC,False,Default,Default,Default,Default,Default,Default,111111111111111111111111,Empty,LegacyJit,X86,8c5e7fda-e8bf-4a96-9a85-a6e23a8c635c,.NET Framework 4.8,False,True,False,True,Default,Default,False,False,False,Default,Default,Default,Default,Default,Default,Default,1,Default,Default,Default,Default,Default,Default,Default,Default,Default,1,Default,Normal_x2_Shared_x1,"42,256,615.4 ns","186,249.48 ns","155,526.7 ns"
EcsContext_CreateEntity,DestroyEntity_Reuse,Job-FTOBUC,False,Default,Default,Default,Default,Default,Default,111111111111111111111111,Empty,LegacyJit,X86,8c5e7fda-e8bf-4a96-9a85-a6e23a8c635c,.NET Framework 4.8,False,True,False,True,Default,Default,False,False,False,Default,Default,Default,Default,Default,Default,Default,1,Default,Default,Default,Default,Default,Default,Default,Default,Default,1,Default,Normal_x2_Shared_x2,"43,300,592.9 ns","199,589.13 ns","176,930.6 ns"
EcsContext_UpdateComponent,UpdateComponent_Entities,Job-FTOBUC,False,Default,Default,Default,Default,Default,Default,111111111111111111111111,Empty,LegacyJit,X86,8c5e7fda-e8bf-4a96-9a85-a6e23a8c635c,.NET Framework 4.8,False,True,False,True,Default,Default,False,False,False,Default,Default,Default,Default,Default,Default,Default,1,Default,Default,Default,Default,Default,Default,Default,Default,Default,1,Default,Normal_x1,"26,730,500.0 ns","111,318.98 ns","104,127.8 ns"
EcsContext_UpdateComponent,UpdateComponent_Entities,Job-FTOBUC,False,Default,Default,Default,Default,Default,Default,111111111111111111111111,Empty,LegacyJit,X86,8c5e7fda-e8bf-4a96-9a85-a6e23a8c635c,.NET Framework 4.8,False,True,False,True,Default,Default,False,False,False,Default,Default,Default,Default,Default,Default,Default,1,Default,Default,Default,Default,Default,Default,Default,Default,Default,1,Default,Normal_x2,"55,334,746.7 ns","467,837.22 ns","437,615.2 ns"
EcsContext_UpdateComponent,UpdateComponent_Entities,Job-FTOBUC,False,Default,Default,Default,Default,Default,Default,111111111111111111111111,Empty,LegacyJit,X86,8c5e7fda-e8bf-4a96-9a85-a6e23a8c635c,.NET Framework 4.8,False,True,False,True,Default,Default,False,False,False,Default,Default,Default,Default,Default,Default,Default,1,Default,Default,Default,Default,Default,Default,Default,Default,Default,1,Default,Shared_x1,"96,856,400.0 ns","360,872.18 ns","301,344.6 ns"
EcsContext_UpdateComponent,UpdateComponent_Entities,Job-FTOBUC,False,Default,Default,Default,Default,Default,Default,111111111111111111111111,Empty,LegacyJit,X86,8c5e7fda-e8bf-4a96-9a85-a6e23a8c635c,.NET Framework 4.8,False,True,False,True,Default,Default,False,False,False,Default,Default,Default,Default,Default,Default,Default,1,Default,Default,Default,Default,Default,Default,Default,Default,Default,1,Default,Shared_x2,"262,683,623.1 ns","429,780.29 ns","358,886.0 ns"
EcsContext_UpdateComponent,UpdateComponent_Entities,Job-FTOBUC,False,Default,Default,Default,Default,Default,Default,111111111111111111111111,Empty,LegacyJit,X86,8c5e7fda-e8bf-4a96-9a85-a6e23a8c635c,.NET Framework 4.8,False,True,False,True,Default,Default,False,False,False,Default,Default,Default,Default,Default,Default,Default,1,Default,Default,Default,Default,Default,Default,Default,Default,Default,1,Default,Normal_x1_Shared_x1,"159,766,546.2 ns","799,767.07 ns","667,841.7 ns"
EcsContext_UpdateComponent,UpdateComponent_Entities,Job-FTOBUC,False,Default,Default,Default,Default,Default,Default,111111111111111111111111,Empty,LegacyJit,X86,8c5e7fda-e8bf-4a96-9a85-a6e23a8c635c,.NET Framework 4.8,False,True,False,True,Default,Default,False,False,False,Default,Default,Default,Default,Default,Default,Default,1,Default,Default,Default,Default,Default,Default,Default,Default,Default,1,Default,Normal_x1_Shared_x2,"372,234,708.3 ns","1,003,773.60 ns","783,680.4 ns"
EcsContext_UpdateComponent,UpdateComponent_Entities,Job-FTOBUC,False,Default,Default,Default,Default,Default,Default,111111111111111111111111,Empty,LegacyJit,X86,8c5e7fda-e8bf-4a96-9a85-a6e23a8c635c,.NET Framework 4.8,False,True,False,True,Default,Default,False,False,False,Default,Default,Default,Default,Default,Default,Default,1,Default,Default,Default,Default,Default,Default,Default,Default,Default,1,Default,Normal_x2_Shared_x1,"230,055,778.6 ns","859,118.94 ns","761,586.6 ns"
EcsContext_UpdateComponent,UpdateComponent_Entities,Job-FTOBUC,False,Default,Default,Default,Default,Default,Default,111111111111111111111111,Empty,LegacyJit,X86,8c5e7fda-e8bf-4a96-9a85-a6e23a8c635c,.NET Framework 4.8,False,True,False,True,Default,Default,False,False,False,Default,Default,Default,Default,Default,Default,Default,1,Default,Default,Default,Default,Default,Default,Default,Default,Default,1,Default,Normal_x2_Shared_x2,"492,864,700.0 ns","2,000,297.59 ns","1,773,211.7 ns"
EcsContext_UpdateComponent,UpdateComponent_Entity,Job-FTOBUC,False,Default,Default,Default,Default,Default,Default,111111111111111111111111,Empty,LegacyJit,X86,8c5e7fda-e8bf-4a96-9a85-a6e23a8c635c,.NET Framework 4.8,False,True,False,True,Default,Default,False,False,False,Default,Default,Default,Default,Default,Default,Default,1,Default,Default,Default,Default,Default,Default,Default,Default,Default,1,Default,Normal_x1,"55,297,940.0 ns","373,727.89 ns","349,585.3 ns"
EcsContext_UpdateComponent,UpdateComponent_Entity,Job-FTOBUC,False,Default,Default,Default,Default,Default,Default,111111111111111111111111,Empty,LegacyJit,X86,8c5e7fda-e8bf-4a96-9a85-a6e23a8c635c,.NET Framework 4.8,False,True,False,True,Default,Default,False,False,False,Default,Default,Default,Default,Default,Default,Default,1,Default,Default,Default,Default,Default,Default,Default,Default,Default,1,Default,Normal_x2,"116,550,486.7 ns","628,176.49 ns","587,596.7 ns"
EcsContext_UpdateComponent,UpdateComponent_Entity,Job-FTOBUC,False,Default,Default,Default,Default,Default,Default,111111111111111111111111,Empty,LegacyJit,X86,8c5e7fda-e8bf-4a96-9a85-a6e23a8c635c,.NET Framework 4.8,False,True,False,True,Default,Default,False,False,False,Default,Default,Default,Default,Default,Default,Default,1,Default,Default,Default,Default,Default,Default,Default,Default,Default,1,Default,Shared_x1,"379,348,978.6 ns","1,049,014.95 ns","929,924.4 ns"
EcsContext_UpdateComponent,UpdateComponent_Entity,Job-FTOBUC,False,Default,Default,Default,Default,Default,Default,111111111111111111111111,Empty,LegacyJit,X86,8c5e7fda-e8bf-4a96-9a85-a6e23a8c635c,.NET Framework 4.8,False,True,False,True,Default,Default,False,False,False,Default,Default,Default,Default,Default,Default,Default,1,Default,Default,Default,Default,Default,Default,Default,Default,Default,1,Default,Shared_x2,"889,231,023.1 ns","3,296,294.23 ns","2,752,555.0 ns"
EcsContext_UpdateComponent,UpdateComponent_Entity,Job-FTOBUC,False,Default,Default,Default,Default,Default,Default,111111111111111111111111,Empty,LegacyJit,X86,8c5e7fda-e8bf-4a96-9a85-a6e23a8c635c,.NET Framework 4.8,False,True,False,True,Default,Default,False,False,False,Default,Default,Default,Default,Default,Default,Default,1,Default,Default,Default,Default,Default,Default,Default,Default,Default,1,Default,Normal_x1_Shared_x1,"500,058,116.7 ns","1,837,071.01 ns","1,718,397.4 ns"
EcsContext_UpdateComponent,UpdateComponent_Entity,Job-FTOBUC,False,Default,Default,Default,Default,Default,Default,111111111111111111111111,Empty,LegacyJit,X86,8c5e7fda-e8bf-4a96-9a85-a6e23a8c635c,.NET Framework 4.8,False,True,False,True,Default,Default,False,False,False,Default,Default,Default,Default,Default,Default,Default,1,Default,Default,Default,Default,Default,Default,Default,Default,Default,1,Default,Normal_x1_Shared_x2,"1,096,132,586.7 ns","6,474,181.20 ns","6,055,953.1 ns"
EcsContext_UpdateComponent,UpdateComponent_Entity,Job-FTOBUC,False,Default,Default,Default,Default,Default,Default,111111111111111111111111,Empty,LegacyJit,X86,8c5e7fda-e8bf-4a96-9a85-a6e23a8c635c,.NET Framework 4.8,False,True,False,True,Default,Default,False,False,False,Default,Default,Default,Default,Default,Default,Default,1,Default,Default,Default,Default,Default,Default,Default,Default,Default,1,Default,Normal_x2_Shared_x1,"630,543,026.7 ns","2,678,556.33 ns","2,505,523.3 ns"
EcsContext_UpdateComponent,UpdateComponent_Entity,Job-FTOBUC,False,Default,Default,Default,Default,Default,Default,111111111111111111111111,Empty,LegacyJit,X86,8c5e7fda-e8bf-4a96-9a85-a6e23a8c635c,.NET Framework 4.8,False,True,False,True,Default,Default,False,False,False,Default,Default,Default,Default,Default,Default,Default,1,Default,Default,Default,Default,Default,Default,Default,Default,Default,1,Default,Normal_x2_Shared_x2,"1,283,160,233.3 ns","10,692,005.71 ns","10,001,308.8 ns"
EcsContext_UpdateComponent,UpdateComponent_EntityQuery,Job-FTOBUC,False,Default,Default,Default,Default,Default,Default,111111111111111111111111,Empty,LegacyJit,X86,8c5e7fda-e8bf-4a96-9a85-a6e23a8c635c,.NET Framework 4.8,False,True,False,True,Default,Default,False,False,False,Default,Default,Default,Default,Default,Default,Default,1,Default,Default,Default,Default,Default,Default,Default,Default,Default,1,Default,Normal_x1,538.8 ns,54.29 ns,158.4 ns
EcsContext_UpdateComponent,UpdateComponent_EntityQuery,Job-FTOBUC,False,Default,Default,Default,Default,Default,Default,111111111111111111111111,Empty,LegacyJit,X86,8c5e7fda-e8bf-4a96-9a85-a6e23a8c635c,.NET Framework 4.8,False,True,False,True,Default,Default,False,False,False,Default,Default,Default,Default,Default,Default,Default,1,Default,Default,Default,Default,Default,Default,Default,Default,Default,1,Default,Normal_x2,985.7 ns,63.99 ns,186.7 ns
EcsContext_UpdateComponent,UpdateComponent_EntityQuery,Job-FTOBUC,False,Default,Default,Default,Default,Default,Default,111111111111111111111111,Empty,LegacyJit,X86,8c5e7fda-e8bf-4a96-9a85-a6e23a8c635c,.NET Framework 4.8,False,True,False,True,Default,Default,False,False,False,Default,Default,Default,Default,Default,Default,Default,1,Default,Default,Default,Default,Default,Default,Default,Default,Default,1,Default,Shared_x1,704.0 ns,63.57 ns,187.4 ns
EcsContext_UpdateComponent,UpdateComponent_EntityQuery,Job-FTOBUC,False,Default,Default,Default,Default,Default,Default,111111111111111111111111,Empty,LegacyJit,X86,8c5e7fda-e8bf-4a96-9a85-a6e23a8c635c,.NET Framework 4.8,False,True,False,True,Default,Default,False,False,False,Default,Default,Default,Default,Default,Default,Default,1,Default,Default,Default,Default,Default,Default,Default,Default,Default,1,Default,Shared_x2,921.4 ns,55.31 ns,161.3 ns
EcsContext_UpdateComponent,UpdateComponent_EntityQuery,Job-FTOBUC,False,Default,Default,Default,Default,Default,Default,111111111111111111111111,Empty,LegacyJit,X86,8c5e7fda-e8bf-4a96-9a85-a6e23a8c635c,.NET Framework 4.8,False,True,False,True,Default,Default,False,False,False,Default,Default,Default,Default,Default,Default,Default,1,Default,Default,Default,Default,Default,Default,Default,Default,Default,1,Default,Normal_x1_Shared_x1,856.3 ns,63.57 ns,183.4 ns
EcsContext_UpdateComponent,UpdateComponent_EntityQuery,Job-FTOBUC,False,Default,Default,Default,Default,Default,Default,111111111111111111111111,Empty,LegacyJit,X86,8c5e7fda-e8bf-4a96-9a85-a6e23a8c635c,.NET Framework 4.8,False,True,False,True,Default,Default,False,False,False,Default,Default,Default,Default,Default,Default,Default,1,Default,Default,Default,Default,Default,Default,Default,Default,Default,1,Default,Normal_x1_Shared_x2,"1,256.6 ns",75.01 ns,220.0 ns
EcsContext_UpdateComponent,UpdateComponent_EntityQuery,Job-FTOBUC,False,Default,Default,Default,Default,Default,Default,111111111111111111111111,Empty,LegacyJit,X86,8c5e7fda-e8bf-4a96-9a85-a6e23a8c635c,.NET Framework 4.8,False,True,False,True,Default,Default,False,False,False,Default,Default,Default,Default,Default,Default,Default,1,Default,Default,Default,Default,Default,Default,Default,Default,Default,1,Default,Normal_x2_Shared_x1,"1,339.4 ns",83.92 ns,246.1 ns
EcsContext_UpdateComponent,UpdateComponent_EntityQuery,Job-FTOBUC,False,Default,Default,Default,Default,Default,Default,111111111111111111111111,Empty,LegacyJit,X86,8c5e7fda-e8bf-4a96-9a85-a6e23a8c635c,.NET Framework 4.8,False,True,False,True,Default,Default,False,False,False,Default,Default,Default,Default,Default,Default,Default,1,Default,Default,Default,Default,Default,Default,Default,Default,Default,1,Default,Normal_x2_Shared_x2,"86,878,264.3 ns","439,088.39 ns","389,240.4 ns"
